index,Sample-type,Status,patient_ID,Methanobacteria,Deinococci,[Chloracidobacteria],Acidobacteria-6,Actinobacteria,Coriobacteriia,Rubrobacteria,Thermoleophilia,0319-6E2,Armatimonadia,[Saprospirae],Bacteroidia,Cytophagia,Flavobacteriia,Sphingobacteriia,Chlamydiia,Anaerolineae,Thermomicrobia,4C0d-2,Chloroplast,Oscillatoriophycideae,Bacilli,Clostridia,Erysipelotrichi,Fusobacteriia,Gemmatimonadetes,BD1-5,Nitrospira,Phycisphaerae,Planctomycetia,Alphaproteobacteria,Betaproteobacteria,Deltaproteobacteria,Epsilonproteobacteria,Gammaproteobacteria,VHS-B5-50,Spirochaetes,Synergistia,Mollicutes,TM7-3,Unknown
FL.CON1062.BAL.FlushControl,BAL,control,1062,0,0,0,0,0.0800125509883903,0,0.0225917791026043,0,0,0,0,0.0602447442736116,0,0.0476937558832758,0,0,0,0,0,0,0,0.25007844367744,0.103859428930028,0,0,0,0,0,0,0,0.027925949168497,0.0571069971760276,0.117665516159398,0,0.220583620960151,0,0,0,0,0.0122372136805773,0
FL.CON1063.BAL.FlushControl,BAL,control,1063,0,0,0,0,0.248447204968944,0,0,0,0,0,0,0,0,0,0,0,0,0,0,0,0,0.22360248447205,0.0636645962732919,0,0.0108695652173913,0,0,0,0,0,0,0,0,0,0.453416149068323,0,0,0,0,0,0
FL.CON1064.BAL.FlushControl,BAL,control,1064,0,0,0,0,0.23757815070747,0,0,0,0,0,0,0.00658111220796315,0,0.0426127015465614,0,0,0,0,0,0,0,0.338269167489306,0.00345508390918065,0.00361961171437973,0.0077328068443567,0,0,0,0,0,0.0850608752879237,0,0.020895031260283,0,0.254195459032577,0,0,0,0,0,0
FL.CON1065.BAL.FlushControl,BAL,control,1065,0,0,0,0,0.235731110708462,0,0,0.00706649755390469,0,0,0,0.015038956332669,0.0331581808298605,0.0462040224678384,0,0,0,0,0,0.0251857220510962,0,0.180648668236999,0.0130458416379779,0,0.0047109983692698,0,0,0,0,0,0.131183185359667,0.0240985685812647,0.00380503714441022,0,0.280123210726581,0,0,0,0,0,0
FL.CON1066.BAL.FlushControl,BAL,control,1066,0,0,0,0,0.174731182795699,0,0,0.0239247311827957,0,0,0,0,0,0.00833333333333333,0,0,0,0,0,0,0,0.315591397849462,0,0,0,0,0,0,0,0,0.161559139784946,0.0190860215053763,0.039247311827957,0.0010752688172043,0.256451612903226,0,0,0,0,0,0
FL.CON1067.BAL.FlushControl,BAL,control,1067,0,0,0,0,0.127675097276265,0,0,0,0,0,0,0,0,0,0,0,0,0,0,0.00778210116731518,0,0.438715953307393,0.0459630350194553,0,0,0,0,0,0,0,0.0902237354085603,0.00851167315175097,0.00316147859922179,0,0.277966926070039,0,0,0,0,0,0
FL.CON1068.BAL.FlushControl,BAL,control,1068,0,0,0,0,0.164597517020425,0,0,0,0,0,0,0,0,0,0,0,0,0,0,0,0,0.647577092511013,0,0,0,0,0,0,0,0,0.0208249899879856,0,0,0,0.167000400480577,0,0,0,0,0,0
FL.CON1069.BAL.FlushControl,BAL,control,1069,0,0,0,0,0.235160465776768,0,0,0,0,0,0,0,0,0.00511218403862539,0,0,0,0,0.0130644703209316,0.00539619426299347,0,0.351888667992048,0.00227208179494462,0,0,0,0,0,0,0,0.0727066174382278,0,0.0176086339108208,0,0.296790684464641,0,0,0,0,0,0
FL.CON1070.BAL.FlushControl,BAL,control,1070,0,0,0,0,0.189790870249606,0.00966944007195862,0,0,0,0,0,0.0103440521700022,0,0.0231616820328311,0,0,0,0,0.012817629862828901,0,0,0.300876995727457,0,0,0,0,0,0,0,0,0.216325612772656,0,0.00382280188891387,0,0.233190915223746,0,0,0,0,0,0
FL.CON1071.BAL.FlushControl,BAL,control,1071,0,0,0,0,0.0979899497487437,0,0,0,0,0,0,0,0,0,0,0,0,0,0,0,0,0.641959798994975,0.00753768844221105,0,0,0,0,0,0,0,0.028894472361809,0,0.0268006700167504,0,0.196817420435511,0,0,0,0,0,0
FL.CON1072.BAL.FlushControl,BAL,control,1072,0,0,0.0398915569326104,0,0.257939581719597,0,0,0,0,0,0,0,0,0,0,0,0,0,0,0,0,0.215336948102246,0,0,0,0,0,0,0,0,0.12006196746708,0,0.0495739736638265,0,0.31719597211464,0,0,0,0,0,0
FL.CON1073.BAL.FlushControl,BAL,control,1073,0,0,0,0,0.108473557692308,0,0,0,0,0,0,0.0498798076923077,0,0,0,0,0,0,0,0,0,0.400240384615385,0.00510817307692308,0,0,0,0,0,0,0,0.0276442307692308,0,0.0267427884615385,0,0.381911057692308,0,0,0,0,0,0
FL.CON1074.BAL.FlushControl,BAL,control,1074,0,0,0,0,0.165666266506603,0,0,0,0,0,0,0,0,0,0,0,0,0,0.0270108043217287,0,0,0.536014405762305,0,0,0,0,0,0,0,0,0,0,0,0,0.271308523409364,0,0,0,0,0,0
FL.CON1076.BAL.FlushControl,BAL,control,1076,0,0,0,0,0.174533106960951,0,0,0,0,0,0,0,0,0,0,0,0,0.00577249575551783,0,0,0,0.487266553480475,0,0,0,0,0,0,0,0,0.06553480475382,0,0.033955857385399,0,0.232937181663837,0,0,0,0,0,0
FL.POST.01.004.BAL.FlushControl,BAL,control,01004,0,0,0,6.5868920847513e-4,0.0397409155779998,0,0,0,0,0,0.0254693160610385,0.0141618179822154,0,0.00537929520254693,0.00647711055000549,0.00428147985508837,0,0,0.0615874409924251,0,0,0.113733669996707,0.0520364474695356,0,0.0103194642661104,0.0232736853661214,0,0.121308595894171,0,0.0406191678559666,0.158853880777253,0.129212866395872,0.0268964760127347,0.00922164891865188,0.135580195411132,0.0076847074322099,0.0115270611483149,0,0,0,0.0019760676254254
FL.POST.01.005.BAL.FlushControl,BAL,control,01005,0,0,0,0,0.34109205460273,0,0.00735036751837592,0,0,0,0,0,0,0.0287014350717536,0,0,0,0,0,0.0218760938046902,0,0.168008400420021,0.00630031501575079,0,0.0015750787539377,0,0,0,0,0,0.119180959047952,0.0262513125656283,0.0768288414420721,0,0.202835141757088,0,0,0,0,0,0
FL.POST.01.006.BAL.FlushControl,BAL,control,01006,0,0,0,0,0.24487756121939,0,0,0,0,0,0,0,0,0,0,0,0,0,0,0,0,0.338330834582709,0.00299850074962519,0,0,0,0,0,0,0,0.0994502748625687,0,0.0454772613693153,0,0.268865567216392,0,0,0,0,0,0
FL.POST.01.007.BAL.FlushControl,BAL,control,01007,0,0.00296039199673336,0.00193956717027358,0.0562474479379339,0.0113311555737036,0.00234789710085749,0,0,0.00132707227439771,0,0.0697223356472029,0,0,5.1041241322989e-4,0.00428746427113107,0.00102082482645978,0,0,0.0774806043282973,0.00643119640669661,0,0.0175581870151082,0,0,0,0.0146998775010208,0,0.0676806859942834,0,0.0301143323805635,0.219681502654145,0.189363005308289,0.0375663536137199,0.0112290730910576,0.168231931400572,0,0,0,0,0,0.00826868109432421
FL.POST.01.010.BAL.FlushControl,BAL,control,01010,0,0,0,0,0.183215725806452,0,0,0,0,0,0,0,0,0,0,0,0,0,0.0163810483870968,0.0153729838709677,0,0.430947580645161,0,0,0,0,0,0.00453629032258065,0,0,0.0264616935483871,0,0,0.0214213709677419,0.301663306451613,0,0,0,0,0,0
FL.POST.01.011.BAL.FlushControl,BAL,control,01011,0,0,0,0,0.215352910870685,0,0,0,0,0,0,0.0378670788253478,0,0.0249871200412159,0,0,0,0,0.0172591447707367,0.0182895414734673,0,0.370427614631633,0.00798557444616177,0,0,0,0,0,0,0,0.0151983513652756,0,0.0203503348789284,0,0.272282328696548,0,0,0,0,0,0
FL.POST.01.013.BAL.FlushControl,BAL,control,01013,0,0,0,0,0.115138592750533,0,0.00426439232409382,0,0,0,0,7.1073205401563e-4,0,0,0,0,0,0,0,0,0,0.566098081023454,0,0,0,0,0,0,0,0,0.0810234541577825,0,0,0,0.232764747690121,0,0,0,0,0,0
FL.POST.02.002.BAL.FlushControl,BAL,control,02002,0,0,0,0,0.153308823529412,0,0,0,0,0,0,0,0,0,0,0,0,0,0,0,0,0.567647058823529,0,0,0,0,0,0,0,0,0.0216911764705882,0,0,0,0.257352941176471,0,0,0,0,0,0
FL.POST.02.003.BAL.FlushControl,BAL,control,02003,0,0,0,0,0.108773248168326,0,0,0,0,0,0,0,0,0,0,0,0,0,0,0.0559834679691903,0,0.359947398083787,0,0,0,0,0,0,0,0,0.0685703550629344,0,0.0272402780387,0,0.379485252677062,0,0,0,0,0,0
FL.POST.02.004.BAL.FlushControl,BAL,control,02004,0,0,0,0,0.0809412981639514,0,0,0,0,0,0,0,0,0.0157745021980864,0,0,0,0,0,0,0,0.314455650374968,0.0866304628911301,0,0,0,0,0,0,0,0.152055857253685,0.00801655029738816,0,0,0.340832686837342,0,0,0,0,0,0.0012929919834497
FL.POST.02.005.BAL.FlushControl,BAL,control,02005,0,0,0,0,0.165851823993983,0,0,0,0,0,0,0,0,0,0,0,0,0,0,0,0,0.336968785257616,0,0,0,0,0,0,0,0,0.10267017675818,0,0.073335840541557007,0,0.321173373448665,0,0,0,0,0,0
FL.POST.02.006.BAL.FlushControl,BAL,control,02006,0,0,0,0,0.157644001732352,0,0,0,0,0,0,0,0,0,0,0,0,0,0,0,0,0.308791684711997,0,0,0,0,0,0,0,0,0.193590298830663,0.00996102208748376,0,0,0.330012992637505,0,0,0,0,0,0
FL.POST.02.007.BAL.FlushControl,BAL,control,02007,0,0,0,0,0.202134337727558,0,0,0,0,0,0,0,0,0.0495919648462021,0,0,0,0,0,0,0,0.335530445699937,0,0,0,0,0,0,0,0,0.0260514752040176,0.0216572504708098,0.00973006905210295,0,0.355304456999372,0,0,0,0,0,0
FL.POST.02.008.BAL.FlushControl,BAL,control,02008,0,0,0,0,0.141436464088398,0,0,0,0,0,0,0,0,0,0,0,0,0,0.0243093922651934,0,0,0.428176795580111,5.524861878453e-4,0,0,0,0,0,0,0,0.114088397790055,0.0383977900552486,0,0,0.252209944751381,0,8.2872928176795e-4,0,0,0,0
FL.POST.02.009.BAL.FlushControl,BAL,control,02009,0,0,0,0,0.175252257036644,0,0,0,0,0,0,0,0,0.0281465746149761,0,0,0,0,0,0,0,0.368560807222517,0,0,0,0,0,0,0,0,0.0971853425385024,0.0079660116834838,0,0,0.322889006903877,0,0,0,0,0,0
FL.POST.02.010.BAL.FlushControl,BAL,control,02010,0,0,0,0,0.15593220338983,0,0,0,0,0,0,0.00585516178736518,0,0,0,0,0,0,0,0.0049306625577812,0,0.439137134052388,0,0,0.00184899845916795,0,0,0,0,0,0.048382126348228,0,0,0,0.343913713405239,0,0,0,0,0,0
FL.POST.02.011.BAL.FlushControl,BAL,control,02011,0,0.0409062303335431,0,0,0.273757079924481,0,0,0,0,0,0,0,0,0,0,0,0,0,0,0,0,0.407803650094399,0,0,0,0,0,0,0,0,0.0623033354310887,0,0.0830711139081183,0,0.13215859030837,0,0,0,0,0,0
FL.POST.02.012.BAL.FlushControl,BAL,control,02012,0,0,0,0,0.30731102850062,0,0,0,0,0.063816604708798,0,0,0,0,0,0,0,0,0,0,0,0.201363073110285,0,0,0,0,0,0,0,0,0.0631970260223048,0,0.00247831474597274,0,0.36183395291202,0,0,0,0,0,0
FL.POST.02.013.BAL.FlushControl,BAL,control,02013,0,0,0,0,0.0582152432018384,0,0,0,0,0,0,0,0,0,0,0,0,0,0,0,0,0.558789735733435,0,0,0,0,0,0,0,0,0.0938337801608579,0,0.0628111834546151,0,0.226350057449253,0,0,0,0,0,0
FL.POST.03.002.BAL.FlushControl,BAL,control,03002,0,0,0,0,0.216287215411559,0,0,0,0,0,0,0,0,0.0481611208406305,0,0,0,0,0,0,0.0302101576182137,0.288091068301226,0,0,0,0,0,0,0,0,0.0739929947460595,8.7565674255691e-4,0.0122591943957968,0,0.330122591943958,0,0,0,0,0,0
ILDCON1062.BAL,BAL,healthy,1062,0,0,0,0,0.134522420403401,8.3347224537422e-4,0,0,0,0,0,0.191031838639773,0,0.0563427237872979,0,0,0.00300050008334722,0,0,0,0,0.0276712785464244,0.303717286214369,0.00850141690281714,0.0575095849308218,0,0.00233372228704784,0,0,0,0.0040006667777963,0.0191698616436073,0.00116686114352392,0.00683447241206868,0.112185364227371,0,0.0080013335555926,0.00116686114352392,0,0.0111685280880147,0.050841806967828
ILDCON1063.BAL,BAL,healthy,1063,0,0,0,0,0.0189915966386555,8.4033613445378e-4,0,0,0,0,0,0.262689075630252,0,0.00672268907563025,0,0,0,0,0,0,0,0.039327731092437,0.512436974789916,0.0309243697478992,0.0321008403361345,0,0,0,0,0,0.00369747899159664,0.00252100840336134,0.00100840336134454,0.0196638655462185,0.0270588235294118,0,8.4033613445378e-4,0.00890756302521008,0.0257142857142857,0.0065546218487395,0
ILDCON1064.BAL,BAL,healthy,1064,0,0,0,0,0.0359312619336921,0.00156222877972574,0,0,0,0,0,0.0923450789793439,0,0.149800381878146,0,0,0,0,0,0.00104148585315049,0,0.171671584794307,0.237805936469363,0.00659607706995313,0.118555806283631,0,0,0,0,0,0.00156222877972574,0.0713417809408089,0,0.012671411213331,0.00833188682520396,0,0.0138864780420066,0,0.00381878146155181,0.0029508765839264,0.0701267141121333
ILDCON1065.BAL,BAL,healthy,1065,0,0,0,0,0.0974616107803196,0,0,0,0,0,0,0.1281729865246,0,0.0416797242243811,0,0,0,0,0,0,0,0.0974616107803196,0.478846756502664,0.0385459103729238,0.0222500783453463,0,0,0,0,0,0.0141021623315575,0.00156690692572861,0.00188028831087433,0,0.065496709495456,0,0,0,0,0.0125352554058289,0
ILDCON1066.BAL,BAL,healthy,1066,0,0,0,0,0.0804597701149425,0,0,0,0,0,0,0.105747126436782,0,0.0220306513409962,0.00900383141762452,0,0,0,0,0.00363984674329502,0,0.177011494252874,0.176053639846743,0.0053639846743295,0,0.00363984674329502,0,0.0103448275862069,0,0,0.0530651340996169,0.0191570881226054,0.0197318007662835,0,0.120306513409962,0,0.193869731800766,0,0,5.7471264367816e-4,0
ILDCON1067.BAL,BAL,healthy,1067,0,0,0,0,0.00774068698597,0,0,0,0,0,0,0.1129656507015,0,0.0686985970004838,0,0,0,0,0,0,0,0.0145137880986938,0.474117077890663,0.0319303338171263,0.114900822447992,0,0,0,0,0,0.00628930817610063,0.0670053217223028,0.00145137880986938,0.0447508466376391,0.0208030962747944,0,4.8379293662312e-4,0,0,0.0304789550072569,0.003870343492985
ILDCON1068.BAL,BAL,healthy,1068,0,0,0,0,0.0842968257305024,0,0,0,0,0,0,0.112255623291991,0,0.0292200966996006,0,0,0,0.0046247635064116,0,0,0,0.117090603321421,0.346647046457852,0.0342652932520496,0.00105108261509355,0,0,0,0,0,0.0559175951229767,0,0.0416228715577044,0,0.161446289678369,0,0.00882909396678579,0,0.00273281479924322,0,0
ILDCON1070.BAL,BAL,healthy,1070,0,0,0,0,0.0582232893157263,0.00300120048019208,0,0,0,0,0,0.0990396158463385,0,0.0198079231692677,0,0,0,0,0,0,0,0.187274909963986,0.533613445378151,0.0366146458583433,0.0300120048019208,0,0,0,0,0,0,0.0132052821128451,0,0,0,0,0.0114045618247299,0.00420168067226891,0,0.00360144057623049,0
ILDCON1071.BAL,BAL,healthy,1071,0,0,0,0,0.0246315364425601,0.00403795679386231,0,0,0,0,0,0.0478497880072683,0,0.00181708055723804,0,0,0,0,0,0,0,0.0107005855037351,0.850595598627095,0.0304865737936604,0.0151423379769836,0,0,0,0,0,0,0.00141328487785181,0,0,0,0,0,0,0,0.0133252574197456,0
ILDCON1072.BAL,BAL,healthy,1072,0,0,0,0,0.0429578969865356,0.046163710194486,0,0,0,0,0,0.238298781790981,0,8.5488352212011e-4,0,0,0,0,0,0,0,0.122889506304766,0.338320153879034,0.00983116050438128,0.0961743962385125,0,0,0,0,0,0.00812139346014105,0.00341953408848044,6.4116264159008e-4,0.0170976704424022,0.00555674289378072,0,0.0457362684334259,0.00897627698226117,0,0.0149604616371019,0
ILDCON1073.BAL,BAL,healthy,1073,0,0,0,0,0.0373472470135933,0.00288342715913772,0,0,0,0,0,0.236441027049293,0,0.00164767266236441,0,0,0.00356995743512289,0,0,0,0,0.0583550734587395,0.531649045722916,0.0214197446107373,0.044212549773445,0,0,0,0,0,0,0.00370726349031992,0,0.00205959082795551,0.0226554991075106,0,0.0115337086365509,0.0144171357956886,0,0.00741452698063985,6.8653027598517e-4
ILDCON1074.BAL,BAL,healthy,1074,0,0,0,0,0.105726872246696,0.0108129755706848,0,0,0,0,0,0.315178213856628,0,0.0348418101722066,0,0,0,0,0,0,0,0.0192230676812175,0.328994793752503,0.0304365238285943,0,0,0.0026031237484982,0,0,0,0.00220264317180617,0,0.00200240288346015,0.013616339607529,0.0278334000800961,0,0.0256307569082899,0.0104124949939928,0.00700841009211053,0.00580696836203444,0.0576692030436524
ILDCON1076.BAL,BAL,healthy,1076,0,0.00775901414879051,0,0,0.0871748060246463,0.0334322227293473,0,0,0,0,0,0.0740529438612506,0.0187129164764948,0.0123231401186673,0,0,0,0,0,0.0118667275216796,0,0.160429027841168,0.260953902327704,0.00958466453674121,0.0468963943404838,0,0,0,0,0,0.0826106800547695,4.5641259698767e-4,0.0148334094020995,0.00376540392514833,0.116613418530351,0,0.0220219078046554,0.028183477863989,0,0.00627567320858056,0.00205385668644455
NEG.OR.01.002.Water.OralControl,Oral,control,01002,0,0,0,0.0154798761609907,0.30406899601946,0,0,0,0,0,0,0,0,0.0371517027863777,0,0,0,0.00420168067226891,0,0,0,0.44250331711632,0,0,0,0,0,0,0,0,0.00840336134453781,0,0.0409111012826183,0,0.147279964617426,0,0,0,0,0,0
NEG.OR.01.004.Water.OralControl,Oral,control,01004,0,0,0,0,0.142366136034732,0,0,0,0,0,0,0,0,0.00922575976845152,0,0,0,0,0,0,0,0.318740955137482,0.00814037626628075,0,0.00108538350217077,0,0,0,0,0,0.129522431259045,0,0.00397973950795948,0,0.386939218523878,0,0,0,0,0,0
NEG.OR.01.005.Water.OralControl,Oral,control,01005,0,0,0,0,0.140493995014729,0,0,0,0,0,0,0,0,0,0,0,0,0,0,0.00453206435531385,0,0.383186041241786,0.0190346702923182,0,0,0,0,0,0,0,0.0518921368683435,6.7980965329707e-4,0.0167686381146612,0,0.383412644459551,0,0,0,0,0,0
NEG.OR.01.006.Water.OralControl,Oral,control,01006,0,0,0,0,0.19828776581055,0,0,0,0,0,0,0,0,0,0,0,0,0,0,0,0,0.330019331676333,0.0521955260977631,0,0,0,0,0,0,0,0.0701463684065175,0,0,0,0.349351008008837,0,0,0,0,0,0
NEG.OR.01.007.Water.OralControl,Oral,control,01007,0,0.00743362831858407,0.00353982300884956,0,0.112566371681416,0,0,0,0,0,0,0.0233628318584071,0,0,0,0,0,0,0,0.0184070796460177,0,0.292035398230089,0.0267256637168142,0,0,0,0,0,0.00672566371681416,0,0.151150442477876,0.0286725663716814,7.0796460176991e-4,0,0.328672566371681,0,0,0,0,0,0
NEG.OR.01.010.Water.OralControl,Oral,control,01010,0,0,0,0,0.155087257161673,0,0,0,0,0,0,0.0447810339150477,0,0,0,0,0,0,0,0,0,0.366150806717155,0.0632202831741851,0,9.8781692459664e-4,0,0,0,0,0,0.0111952584787619,0,0,0,0.358577543628581,0,0,0,0,0,0
NEG.OR.01.011.Water.OralControl,Oral,control,01011,0,0,0,0,0.267814113597246,0,0,0,0,0,0,0,0,0,0,0,0,0,0,0.00998278829604131,0,0.241996557659208,0.0354561101549053,0,0,0,0,0,0,0,0.149053356282272,0.014802065404475,0.00826161790017212,0,0.27263339070568,0,0,0,0,0,0
NEG.OR.01.013.Water.OralControl,Oral,control,01013,0,0,0,0,0.146543485186365,0,0,0,0,0,0,0,0,0,0,0,0,0,0,0,0,0.438993309971328,0,0,0,0,0,0,0,0,0.0430073271742593,0,0.0200700860146543,0,0.351385791653393,0,0,0,0,0,0
NEG.OR.03.001.Water.OralControl,Oral,control,03001,0,0.00389863547758285,0,0,0.11812865497076,0,0,0,0,0,0,0,0,0,0,0,0,0,0,0,0,0.453411306042885,0,0,0,0,0,0,0,0,0.0198830409356725,0,0.0335282651072125,0,0.371150097465887,0,0,0,0,0,0
NEG.OR.CON1062.Water.OralControl,Oral,control,1062,0,0,0,0,0.148378823960432,0,0,0.0139219637296208,0,0,0,0,0,0,0,0,0,0,0,0,0.047261403187397,0.351346400439641,0,0,0,0,0,0,0,0,0.0555046711851988,0.0115405751969225,0,0,0.372046162300788,0,0,0,0,0,0
NEG.OR.CON1063.Water.OralControl,Oral,control,1063,0,0,0,0,0.125515615792575,0,0,0,0,0,0,0,0,0,0,0,0,0,0,0,0,0.475839717147908,0,0,0,0,0,0,0,0,0.106364172068356,0,0,0,0.292280494991161,0,0,0,0,0,0
NEG.OR.CON1067.Water.OralControl,Oral,control,1067,0,0,0,0,0.185289957567185,0,0,0,0,0,0,0,0,0,0,0,0,0,0,0,0,0.378595002357379,0,0,0,0,0,0,0,0,0.0947666195190948,0,0,0,0.341348420556341,0,0,0,0,0,0
NEG.OR.CON1068.Water.OralControl,Oral,control,1068,0,0,0,0,0.0902892076181519,0,0,0,0,0,0,0,0,0,0,0,0,0,0,7.0538443451681e-4,0,0.474253468140136,0,0,0,0,0,0,0,0,0.011286150952269,0,0.00775922877968493,0,0.415706560075241,0,0,0,0,0,0
NEG.OR.CON1069.Water.OralControl,Oral,control,1069,0,0.0200156985871272,0,0,0.168367346938776,0,0,0,0,0,0,0,0,0,0,0,0,0,0,0,0,0.327315541601256,0,0,0,0,0,0,0,0,0.104003139717425,0.0043171114599686,0.0592621664050235,0,0.316718995290424,0,0,0,0,0,0
NEG.OR.CON1070.Water.OralControl,Oral,control,1070,0,0,0,0,0.128884085382329,0,0,0,0,0,0,0,0,0,0,0,0,0,0,0,0,0.377195352607403,0,0,0,0,0,0,0,0,0.272899216427992,0.0348554444744664,0,0,0.186165901107809,0,0,0,0,0,0
NEG.OR.CON1071.Water.OralControl,Oral,control,1071,0,0,0,0,0.0916480390164601,0.0353586669376143,0,0,0,0,0,0.196911196911197,0,0.0780329201381833,0,0,0,0,0,0,0,0.0849420849420849,0.293233082706767,0.00101605364763259,0.0737654948181264,0,0,0,0,0,0.00772200772200772,0.0753911806543385,0,0.00670595407437513,0.0483641536273115,0,0.00690916480390165,0,0,0,0
NEG.OR.CON1072.Water.OralControl,Oral,control,1072,0,0,0,0,0.0603381014304291,0.0309492847854356,0,0,0,0,0,0.139141742522757,0,0.0166449934980494,0,0,0,0,0,0.00182054616384915,0,0.0806241872561769,0.330819245773732,0.00338101430429129,0.0855656697009103,0,0,0,0,0,0,0.0873862158647594,0,0.0275682704811443,0.122756827048114,0,0.011703511053316,0,0,0.00130039011703511,0
NEG.OR.CON1073.Water.OralControl,Oral,control,1073,0,0,0,0,0.177818853974122,0,0,0,0,0,0,0,0.0260628465804067,0.0484288354898336,0,0,0,0,0,0,0,0.376894639556377,0.0301293900184843,0,0.0160813308687616,0,0,0,0,0,0.0861367837338262,0,0,0,0.236229205175601,0,0,0,0,0.0022181146025878,0
NEG.OR.CON1074.Water.OralControl,Oral,control,1074,0,0,0,0,0.182975627500909,0,0,0,0,0,0,0,0,0,0,0,0,0,0,0,0,0.334667151691524,0.0662058930520189,0,0,0,0,0,0,0,0.17570025463805,0.00582029829028738,0,0,0.23463077482721,0,0,0,0,0,0
NEG.OR.CON1075.Water.OralControl,Oral,control,1075,0,0,0,0,0.13835548990645,0,0,0,0,0,0,0.0118168389955687,0,0,0,0,0,0,0,0.0327424913835549,0,0.424913835548991,0.0288035450516987,0,0,0,0,0,0,0,0.119891678975874,0.0674544559330379,0,0,0.176021664204825,0,0,0,0,0,0
NEG.OR.CON1076.Water.OralControl,Oral,control,1076,0,0,0,0,0.241147741147741,0,0,0,0,0,0,0,0,0.0714285714285714,0,0,0,0,0,0,0,0.41025641025641,0,0,0,0,0,0,0,0,0.0402930402930403,0.0372405372405372,0,0,0.1996336996337,0,0,0,0,0,0
OR.CON1062.OralRinse,Oral,healthy,1062,0,0,0,0,0.117244117939045,0.0132036136205698,0,0,0,0,0,0.177702769780602,0,0.0337535987292763,0,0,0,0,0,0,0,0.0613521294549787,0.329196862900824,0.00297825871140673,0.0689963268142559,0,0.00804129852079817,0,0,0,0,0.101260796187829,0,0.00208478109798471,0.0372282338925841,0,0.0150898441377941,0.0224362156259307,0,0.00724709619775638,0.00218405638836494
OR.CON1063.OralRinse,Oral,healthy,1063,0,0,0,0,0.03904873752202,0.00117439812096301,0,0,0,0,0,0.0780974750440399,0,0.0537287140340575,0,0,0,0,0,0,0,0.0948326482677628,0.442160892542572,0.0149735760422783,0.0440399295361127,0,0,0,0,0,0,0.0725190839694656,0,0,0.150029359953024,0,0.00117439812096301,0.00146799765120376,0,0.00675278919553729,0
OR.CON1064a.OralRinse,Oral,healthy,1064,0,0,0,0,0.101371496720334,0.00192142052607169,0,0,0,0,0,0.10806334062148,0,0.0611541774332472,0,0,3.9753528125621e-4,0,0,0,0,0.124031007751938,0.171668985622474,0.00470416749486517,0.176439408997549,0,0,0,0,0,0,0.0698336977406745,0,0.0170940170940171,0.128271384085338,0,0.0161664347710859,0.00708937918240244,0,5.3004704167494e-4,0.0112634996355927
OR.CON1065.OralRinse,Oral,healthy,1065,0,0,0,0,0.0460068038231006,0.0233273934877693,0,0,0,0,0,0.181759274258869,0,0.166693665964685,0,0,0,0,0,0,0,0.0651223068200227,0.372752308439981,0.00647983152438037,0.110481127490685,0,0,0,0,0,0,0.0137696419893083,0,0.00421189049084724,0,0,0,0,0,0.00680382310059938,0.00259193260975215
OR.CON1066.OralRinse,Oral,healthy,1066,0,0,0,0,0.057815678297606,0.00766703176341731,0,0,0,0,0,0.229619777812549,0,0.0355186981693006,0,0,3.9117508997027e-4,0,0,0,0,0.133625410733844,0.285010170552339,0.00109529025191676,0.0453763104365514,0,0,0,0,0,0,0.0315287122516038,0,0.0181505241746206,0.0304334219996871,0,0.0845720544515725,0.0357534032232827,0.00164293537787514,0.00109529025191676,7.0411516194648e-4
OR.CON1067.OralRinse,Oral,healthy,1067,0,0,0,0,0.0345144356955381,0.0324146981627297,0,0,0,0,3.9370078740157e-4,0.125984251968504,0,0.0996062992125984,0,0,0,0,0,0,0,0.0536745406824147,0.255249343832021,0.0010498687664042,0.189107611548556,0,0,0,0,2.6246719160105e-4,7.8740157480315e-4,0.123884514435696,0,0.0380577427821522,0.0118110236220472,0,0.0178477690288714,0.00708661417322835,0.0015748031496063,0.00118110236220472,0.00551181102362205
OR.CON1068.OralRinse,Oral,healthy,1068,0,0,0,0,0.116818416079711,0.0140869266449064,0,0,0,0,0,0.186050506785776,0,0.0523964954475176,0,0,0,0,0,0,0,0.190345301494589,0.212334650403711,0.0010307507301151,0.0659680467273664,0,0,0,0,0,0,0.045868407490122,0,0.0326404397869782,0.00601271259233809,0,0.0403710702628414,0.0326404397869782,0.00343583576705034,0,0
OR.CON1069.OralRinse,Oral,healthy,1069,0,0,0,0,0.284217877094972,0.0526070763500931,0,0,0,0,0,0.0833333333333333,0,0.0358472998137803,0,0,0,0,0,0,0,0.018854748603352,0.227886405959032,0.00837988826815642,0.0565642458100559,0,0,0,0,0,0,0.0260707635009311,0,0.00395716945996276,0.14804469273743,0,6.9832402234636e-4,0,0.00325884543761639,0.0111731843575419,0.0391061452513966
OR.CON1069a.OralRinse,Oral,healthy,1069,0,0,0,0,0.262331288343558,0.0365644171779141,0,0,0,0,0,0.0822085889570552,0,0.043680981595092,0,0,0,0,0,0,0,0.0149693251533742,0.24,0.00662576687116564,0.0598773006134969,0,0,0,0,0,0,0.0304294478527607,0,0.00760736196319018,0.143558282208589,0,0,0,0.00711656441717791,0.0120245398773006,0.0530061349693252
OR.CON1070.OralRinse,Oral,healthy,1070,0,0,0,0,0.144173798551679,0.0010972130787799,0,0,0,0,0,0.129471143296028,0,0.0283080974325214,0,0,0,0,0,0,0,0.15009874917709,0.389071757735352,0.0140443274083827,0.103138029405311,0,0,0,0,0,0,0.021505376344086,0,0.00746104893570331,0,0,0.00811937678297125,0.00153609831029186,0,0.00197498354180382,0
OR.CON1071.OralRinse,Oral,healthy,1071,0,0,0,0,0.1127217242037,0.00781995041007057,0,0,0,0,0,0.0434865534999046,0,0.0156399008201411,0,0,0,0,0,0,0,0.230402441350372,0.342742704558459,0.0211710852565325,0.0305168796490559,0,0,0,0,0,0,0.0381460995613199,0,0.00343314896051879,0.115964142666412,0,0,0,0,0.0379553690635133,0
OR.CON1072.OralRinse,Oral,healthy,1072,0,0,0,0,0.126675522279918,0.0282574568288854,0,0,0,0,0,0.165801231735298,0,0.0464919695688926,0,0,0,0,0,0,0,0.103972950126796,0.244897959183673,0.00724550175099626,0.0943122811254679,0,0,0,0,0,0,0.0778891438232098,0,0.0160608622147084,0.0582055307330033,0,0.0055548846757638,0.0101437024513948,0,0.0138872116894095,6.0379181258302e-4
OR.CON1073.OralRinse,Oral,healthy,1073,0,0,0,0,0.0392745302713987,0.0109603340292276,0,0,0,0,0,0.19767745302714,0,0.0227035490605428,0,0,0,0,0,0,0,0.262917536534447,0.311717118997912,0.00808977035490605,0.0364039665970772,0,0,0,0,0,0,0.0413622129436326,0.00156576200417537,0.00782881002087683,0.00521920668058455,0,0.0260960334029228,0.0180062630480167,0.00352296450939457,0.00626304801670146,3.9144050104384e-4
OR.CON1074.OralRinse,Oral,healthy,1074,0,0,0,0,0.106037447458922,0.0187237294612151,0,0,0,0,0,0.207680550248376,0,0.0204432556362247,0,0,0,0,0,0,0,0.0578907145586549,0.414023691249522,0.0290408865112724,0.0171952617500955,0,0,0,0,0,0,0.0236912495223538,0,0.00477646159724876,0.030760412686282,0,0.0120366832250669,0.023118074130684,0.00363011081390906,0.0128009170806267,0.0181505540695453
OR.CON1075.OralRinse,Oral,healthy,1075,0,0,0,0,0.0931209089786341,0.0412498456218353,0,0,0,0,0,0.12597258243794,0,0.0522415709522045,0,0,0,0,0,0,0,0.240088921822897,0.216499938248734,0.00531060886748178,0.117821415339014,0,0,0,0,0,0,0.0282820797826355,0,0.012597258243794,0.0414968506854391,0,0.0133382734346054,0.00185253797702853,0,0.00370507595405706,0.0064221316536989
OR.CON1076.OralRinse,Oral,healthy,1076,0,0,0,0,0.131632239773188,0.0283515593357635,0,0,0,0,0,0.142567841231268,0,0.0243013365735115,0,0,0,0,0,0,0,0.0797893884163629,0.375050627784528,0.0052652895909275,0.0279465370595383,0,0,0,0,0,0,0.0943701903604698,0,0.00850546780072904,0.00162008910490077,0,0.0587282300526529,0.0178209801539085,0,0.00405022276225192,0
OR.POST.01.002.OralRinse,Oral,disease,01002,0,0,0,0,0.118518518518519,0.0151234567901235,0,0,0,0,0,0.212962962962963,0,0.113425925925926,0,0,0.00108024691358025,0,0,0,0,0.045679012345679,0.194598765432099,0.00100308641975309,0.119598765432099,0,0.00285493827160494,0,0,0,0,0.0195216049382716,0.00192901234567901,0.00347222222222222,0.101388888888889,0,0.0119598765432099,0.0251543209876543,0.00277777777777778,0.00408950617283951,0.00486111111111111
OR.POST.01.004.OralRinse,Oral,disease,01004,0,0,0,0,0.0404738400789733,0.0163587646312227,0,0,0,0,0,0.172331123959949,0,0.096883373290086,0,0,0,0,0,0,0,0.0850373713157524,0.153010858835143,0.00747426315047243,0.313919052319842,0,0,0,0,0,0,0.0320124100973064,0,0.0107178113101114,0.0393456494147511,0,0.00267945282752785,0.0297560287688619,0,0,0
OR.POST.01.005.OralRinse,Oral,disease,01005,0,0,0,0,0.0656624179219776,0.00914123857345178,0,0,0,0,0,0.0760911548860564,0,0.0269087163641045,0,0,0,0,0,0,0,0.1839835200206,0.343247070941161,0.0230462211922235,0.188232264709669,0,0,0,0,0,0,0.0441611947985065,0,0.00605124243594696,0.00836873953907558,0,0.00399124501094374,0.00205999742500322,0,0.0190549761812798,0
OR.POST.01.006.OralRinse,Oral,disease,01006,0,0,0,0,0.140765233821445,0,0,0,0,0,0,0.028814359943316,0,0.0155880963627775,0,0,0,0,0,0,0,0.264997638167218,0.349078885214927,0.0188946622579121,0.074633915918753,0,0,0,0,0,0,0.107227208313651,0,0,0,0,0,0,0,0,0
OR.POST.01.007.OralRinse,Oral,disease,01007,0,6.382435537401e-4,0,0,0.106714322185346,0.00472300229767679,0,0,0,0,0,0.0866734745979066,0,0.16581567526168,0,0,0,0,0,0,0,0.126755169772785,0.0778657135562931,0.00344651519019658,0.217768700536125,0,0.00370181261169262,0,0,0,0,0.101991319887669,0,0.0112330865458259,0.0564207301506255,0,0.00434005616543273,0.0137860607607863,0,0,0.018126116926219
OR.POST.01.010.OralRinse,Oral,disease,01010,0,0,0,0,0.218925831202046,0.0854219948849105,0,0,0,0,0,0,0,0.0051150895140665,0,0,0,0,0,0,0,0.280306905370844,0.0869565217391304,0.0132992327365729,0.0721227621483376,0,0,0,0,0,0,0.229667519181586,0,0.00818414322250639,0,0,0,0,0,0,0
OR.POST.01.011.OralRinse,Oral,disease,01011,0,0,0,0,0.100186248641937,0.0284805214961974,0,0,0,0,0,0.229396243985721,0,0.0158311345646438,0,0,0,0,0,0,0,0.250426819804439,0.147291634331833,0.0017072792177557,0.0568834393915878,0,0,0,0,0,0,0.0505199441254074,0.00155207201614155,0.0121837653267112,0.00488902685084588,0,0.0336799627502716,0.0585907186093435,0.00783796368151482,0,5.4322520564954e-4
OR.POST.01.013.OralRinse,Oral,disease,01013,0,0,0,0,0.0637035083091533,0.0120021102611448,0,0,0,0,0,0.22527037720918,0,0.0426008968609865,0,0,0,0,0,0,0,0.181746241097336,0.338037457135321,0.00896860986547085,0.047217093115273,0,0,0,0,0,0,0.0224215246636771,0,0.00830915325771564,0.00356106568187813,0,0.00699024004220522,0.00197836982326563,0,0.0371933526773938,0
OR.POST.02.001.OralRinse,Oral,disease,02001,0,0,0,0,0.0127459749552773,0.0147584973166369,0,0,0,0,0,0.104874776386404,0,0.00245974955277281,0,0,0,0,0,0,0,0.054561717352415,0.655635062611807,0,0.0143112701252236,0,0,0,0,0,0,0.0304114490161002,0.00111806797853309,0.0368962432915921,0,0,0.00737924865831843,0.0648479427549195,0,0,0
OR.POST.02.002.OralRinse,Oral,disease,02002,0,0,0,0,0.112369447590286,0.0050333459166981304,0,0,0,0,0,0.130237825594564,0,0.0137158676230024,0,0,0.00239083931043161,0,0,0,0,0.0393859317981628,0.442431106077765,0.0250408959355732,0.15515288788222,0,0,0,0,0,0,0.00981502453756134,0,0.0123316974959104,0.0158550396375991,0,0.0152258713980118,0.00113250283125708,0.00440417767711086,0.0154775386938467,0
OR.POST.02.003.OralRinse,Oral,disease,02003,0,0,0,0,0.0343728263389752,0.00550660792951542,0,0,0,0,0,0.299153721307674,0,0.0306051472293067,0,0,0,0,0,0,0,0.0682819383259912,0.220554138650591,0.00562253651750522,0.274460932065847,0,0,0,0,0,0,0.0066658938094134,0,0.0070716438673777,0.0271852538836077,0,0.00817296545328078,5.2167864595409e-4,8.1150011592858e-4,0.00226060746580107,0.00875260839322977
OR.POST.02.004.OralRinse,Oral,disease,02004,0,0,0,0,0.212561297623538,0.00509241795548849,0,0,0,0,0,0.120897774424745,0,0.125235760090532,0,0,0,0,0,0,0,0.0992078460958129,0.138061109015466,0.00961901169370049,0.139381365522444,0,0,0,0,0,0,0.050169747265183,0,0,0.0867597133157299,0,0.001886080724255,0,0,0.0111278762731045,0
OR.POST.02.005.OralRinse,Oral,disease,02005,0,0,0,0,0,0,0,0,0,0,0,0.0058411214953271,0,0.0105140186915888,0,0,0,0,0,0,0,0.0268691588785047,0.857476635514019,0.00467289719626168,0,0,0,0,0,0,0,0,0,0,0.0946261682242991,0,0,0,0,0,0
OR.POST.02.006.OralRinse,Oral,disease,02006,0,0,0,0,0.178710178710179,0.00808080808080808,0,0,0,0,0,0.0794094794094794,0,0.0865578865578866,0,0,0,0,0,0,0,0.0648018648018648,0.33006993006993,0.0346542346542347,0.150893550893551,0,0,0,0,0,0,0.0212898212898213,0,0.0146076146076146,0.025019425019425,0,0.00155400155400155,0.00388500388500389,0,4.6620046620046e-4,0
OR.POST.02.007.OralRinse,Oral,disease,02007,0,0,0,0,0.045319665497707,0.0515241435122741,0,0,0,0,0,0.113568923657944,0,0.0237388724035608,0,0,0,0,0,0,0,0.215268411114108,0.391691394658754,0.0213110331804694,0.0795791745346641,0,0,0,0,0,0,0.0188831939573779,0,0.00323711896412193,0,0,0.0129484758564877,0.0178041543026706,0.00512543835985972,0,0
OR.POST.02.008.OralRinse,Oral,disease,02008,0,0,0,0,0.0920109823879997,0.0360275899015603,0,0,0,0,0,0.178999531239537,0,0.0414518181209402,0,0,0,0,0,0,0,0.0392419473648965,0.281524141163865,0.00348222058528092,0.110627469363155,0,0,0,0,0,0,0.104064822875511,0,0.0270541753164133,0.0793544498761133,0,0.00488850197549052,0.00107145248777874,0,2.0089734145851e-4,0
OR.POST.02.009.OralRinse,Oral,disease,02009,0,0,0,0,0.0556695390507455,0.0277663794282588,0,0,0,0,0,0.126384899466557,0,0.0510190124469977,0,0,0,0,0,0,0,0.30584051429353,0.114758582957188,0,0.196963479688141,0,0,0,0,0,0,0.0973874982902476,0,0.0214744904937765,0,0,0.00273560388455752,0,0,0,0
OR.POST.02.010.OralRinse,Oral,disease,02010,0,0,0,0,0.131792135941514,0.00750839754989133,0,0,0,0,0,0.111440426793124,0,0.0294408219719423,0,0,0,0,0,0,0,0.163208852005533,0.21339656194428,0.027267338470658,0.123493380754792,0,0,0,0,0,0,0.0778502272278206,0,0,0.111045247974709,0,0.001778304682869,9.8794704603833e-4,0,7.9035763683066e-4,0
OR.POST.02.011.OralRinse,Oral,disease,02011,0,0,0,0,0.0430275767651085,0.0426364169763348,0,0,0,0,0,0.339917856444358,0,0.0291414042636417,0,0,9.7789947193428e-4,0,0,0,0,0.19479757480931,0.202034030901623,0.00567181693721885,0.0434187365538823,0,0,0,0,0,0,0.0185800899667514,0,0.0334441619401526,0.00293369841580286,0,0.0350088010952474,0.00391159788773714,0,0,0.00449833757089771
OR.POST.02.012.OralRinse,Oral,disease,02012,0,0,0,0,0.144298688193744,0.0162229294419002,0,0,0,0,0,0.107583637351549,0,0.0346192656989832,0,0,0,0,0,0,0,0.136536520996662,0.245594970115656,0.00714119382131491,0.0864705425754871,0,0,0,0,0,0,0.0148257393464255,0.00155243343941629,0.0188620662889079,0.00807265388496468,0,0.123496080105565,0.0494450050454087,0.00457967864627804,6.9859504773732e-4,0
OR.POST.02.013.OralRinse,Oral,disease,02013,0,0,0,0,0.0491324362606232,0.0256285410764873,0,0,0,0,0,0.353665014164306,0,0.0129249291784703,0,0,0.00199185552407932,0,0,0,0,0.0593130311614731,0.173512747875354,0.002921388101983,0.100787889518414,0,0,0,0,0,1.770538243626e-4,0.0305860481586402,0.00340828611898017,0.0210251416430595,0.00327549575070822,0,0.127257436260623,0.0267793909348442,0.00252301699716714,0.00411650141643059,9.7379603399433e-4
OR.POST.03.001.OralRinse,Oral,disease,03001,0,0,0,0,0.135650026459693,0.0874933850767331,0,0,0,0,0,0.203386840712648,0,0.0465690597989063,0,0,0,0,0,0,0,0.0717939671899806,0.182748280119951,0.00264596930675604,0.153289821838067,0,0.0063503263362145,0,0,0,0,0.0462162638913389,0,0.0107602751808079,0.0315752337272888,0,0.00423355089080967,0.00370435702945846,0,0.00652672428999824,0.00705591815134944
OR.POST.03.002.OralRinse,Oral,disease,03002,0,0,0,0,0.182956381260097,0,0,0,0,0,0,0.27827140549273,0,0.012924071082391,0,0,0,0,0,0,0,0.018578352180937,0.340872374798061,0.0403877221324717,0.0731017770597738,0,0,0,0,0,0,0.00121163166397415,0,0,0.024232633279483,0,0,0,0,0.0181744749596123,0.0092891760904685
POST.01.001.BAL,BAL,disease,01001,0,0,0,0,0.0444008559201141,0.0303138373751783,0,0,0,0,0,0.227353780313837,0,0.0251426533523538,0,0,0,0,0,0,0,0.139800285306705,0.174572039942939,0.0707917261055635,0.0212196861626248,0,0,0,0,0,0.0131954350927247,0.0140870185449358,0.00677603423680457,0.0238944365192582,0.145684736091298,0,0,0,0.0538516405135521,0.00891583452211127,0
POST.01.003a.BAL,BAL,disease,01003,0,0,0,0,0.120837808807734,0.0389366272824919,0,0,0,0,0,0.0209452201933405,0,0.0131578947368421,0,0,0,0,0,0,0,0.267454350161117,0.270139634801289,0.0217508055853921,0.0128893662728249,0,0,0,0,0,0.041890440386681,0.011546723952739,0.0136949516648765,0,0.164607948442535,0,0,0,0.00214822771213749,0,0
POST.01.004a.BAL,BAL,disease,01004,0,0.0713139857080356,0.0148753099022896,0,0.392372757765787,0.00211462738807058,0,0,0,0,0,0.0220212921102523,0.00298964561761703,0.0100627096397842,0.00364590928977687,0,0,0.00794808225171358,0,0.0225317194108211,0,0.0966165961790871,0.0579699577074522,0.00342715473239026,0.0245734286130961,0,0,0,0,0,0.0473968207670993,0.0480530844392592,0.00298964561761703,0.00240630013125273,0.151378153711536,0,0,0.0153128190170629,0,0,0
POST.01.005.BAL,BAL,disease,01005,0,0,0,0,0,0.0032994923857868,0,0,0,0,0,0.176395939086294,0,0.0101522842639594,0,0,0,0,0,0,0,0.05,0.441116751269036,0.0487309644670051,0.149746192893401,0,0,0,0,0,0,0,0,0,0,0,0.0903553299492386,0.00761421319796954,0.00456852791878173,0.0180203045685279,0
POST.01.006.BAL,BAL,disease,01006,0,0,0,0,0.0679816836914406,0,0,0,0,0,0,0.0616414230362804,0,0.109545614653047,0,0,0,0,0,0,0,0.376893272278971,0.210285311729482,0.0095103909827404,0.0123282846072561,0,0,0,0,0,0,0.0243043325114477,0,0.00880591757661148,0.110954561465305,0,0,0,0,0.00774920746741811,0
POST.01.007b.BAL,BAL,disease,01007,0,0,0,0,0.0650294015911449,0,0,0,0,0,0,0.178484953303355,0,0.0473884469041854,0,0,0,0,0,0,0,0,0.130750605326877,0.013836042891733,0.206502940159114,0,0,0,0,0,0,0.0217917675544794,0,0.188170183327568,0.0764441369768246,0,0,0,0,0,0.0716015219647181
POST.01.009.BAL,BAL,disease,01009,0,0,0,0,0.214692482915718,0,0,0,0,0,0,0.0626423690205011,0,0.00398633257403189,0,0,0,0,0,0,0,0.0444191343963554,0.203872437357631,0,0.0108200455580866,0,0,0,0,0,0.0244874715261959,0.0182232346241458,0.0142369020501139,0.00341685649202733,0.399202733485194,0,0,0,0,0,0
POST.01.010.BAL,BAL,disease,01010,0,0,0,0,0,0.0123042505592841,0,0,0,0,0,0,0,0,0,0,0,0,0,0,0,0.469798657718121,0.214765100671141,0.0693512304250559,0.202460850111857,0,0,0,0,0,0,0.0313199105145414,0,0,0,0,0,0,0,0,0
POST.01.011.BAL,BAL,disease,01011,0,0,0.00297879796740845,0,0.149290345190117,0,0,0,0.00595759593481689,0,0.00262835114771333,0.0121780269844051,0,0.01971263360785,0.0136674259681093,0,0,0,0.014193096197652,0.0598387944629402,0,0.213334501489399,0.0984755563343263,0,0,0,0,0.0427545120028036,0,0.00341685649202733,0.0807779919397232,0.100578237252497,0.0167338356404416,0.00403013842649378,0.159453302961276,0,0,0,0,0,0
POST.01.013a.BAL,BAL,disease,01013,0,0,0,0,0.0317047817047817,0.00363825363825364,0,0,0,0,0,0.247401247401247,0,0.0116943866943867,0,0,0.00233887733887734,0,0,0,0,0.0392411642411642,0.401507276507277,0.0145530145530146,0.0106548856548857,0,0,0,0,0,0,0,0,0.00831600831600832,0.00103950103950104,0,0.196465696465696,0.0150727650727651,7.7962577962578e-4,0.0155925155925156,0
POST.02.001.BAL,BAL,disease,02001,0,0,0,0,0.0432795698924731,0.0854838709677419,0,0,0,0,0,0.0663978494623656,0,0,0,0,0,0,0,0,0,0.40752688172043,0.26747311827957,5.3763440860215e-4,0.0153225806451613,0,0,0,0,0,0,0,0.00806451612903226,0.00456989247311828,0.0198924731182796,0,0.00564516129032258,0.0758064516129032,0,0,0
POST.02.002.BAL,BAL,disease,02002,0,0,0,0,0.108000933053417,0,0,0,0,0,0,0.138791695824586,0,0.0111966410076977,0,0,0.00513179379519477,0,0,0.00209937018894332,0,0.0156286447399114,0.515745276417075,0.0296244459995335,0.0487520410543504,0,0,0,0,0,0.013296011196641,0,0.00303242360625146,0.026358759038955,0.0275250758105902,0,0.0298577093538605,0,0.00186610683461628,0.0230930720783765,0
POST.02.003.BAL,BAL,disease,02003,0,0,0,0,0.0438435538387253,4.8285852245292e-4,0,0,0,0,0,0.222404635441816,0,0.0403669724770642,0.00164171897633993,0,0,0,0,0,0,0.0795750845002414,0.294543698696282,0.00521487204249155,0.158184451955577,0,0,0,0,0,0.0219217769193626,0.0141960405601159,0.00135200386286818,0.0156446161274746,0.0568807339449541,0,0.0128440366972477,0.0225977788507967,2.8971511347175e-4,0.00144857556735876,0.00656687590535973
POST.02.004.BAL,BAL,disease,02004,0,0.0011441647597254,0,0,0.0504576659038902,0,0,0,0,0,0,0.0350114416475973,0,0.0681922196796339,0,0,0,0,0,0,0,0.0908466819221968,0.259610983981693,0,0.415102974828375,0,0,0,0,0,0.00274599542334096,8.0091533180778e-4,0.00675057208237986,0.00881006864988558,0.0605263157894737,0,0,0,0,0,0
POST.02.005.BAL,BAL,disease,02005,0,0.00140230601433468,0,0,0.0995637270177625,0,0,0,0,0,0,0,0,0,0,0,0,0,0,0,0,0.44297288875039,0.0426924275475226,0,0,0,0,0,0,0,0.087722031785603,0.00638828295419134,0.0176067310688688,0,0.301651604861328,0,0,0,0,0,0
POST.02.006.BAL,BAL,disease,02006,0,0,0,0,0.0159438775510204,0.00972576530612245,0,0,0,0,0,0.201690051020408,0,0.00175382653061224,0,0,0,0,0,0,0,0.0315688775510204,0.400510204081633,0.0696747448979592,0.0990114795918367,0,0,0,0,0,6.3775510204081e-4,0,0,0.00542091836734694,3.188775510204e-4,0,0.124362244897959,0.0331632653061225,0.00621811224489796,0,0
POST.02.007.BAL,BAL,disease,02007,0,0,0,0,0.0622427136505846,0.0528569076239091,0,0,0,0,0,0.147208957681541,0,0.0209122344804874,0,0,0,0,0,0,0,0.157582743289972,0.359459904495307,0.0139963774082002,0.0681705911411164,0,0,0,0,0,0.0065865305450354,0.00922114276304956,0.00263461221801416,0.0148196937263297,0.0349086118886876,0,0.0107031121356825,0.0347439486250617,0.00395191832702124,0,0
POST.02.008.BAL,BAL,disease,02008,0,0,0,0,0.0726573568103623,0.00404776361060514,0,0,0,0,0,0.044120623355596,0,0.0042501517911354,0,0,0,0,0,0,0,0.0137623962760575,0.652297105849018,0.0469540578830196,0.115158874721716,0,0,0,0,0,0.0042501517911354,0,0,0.00263104634689334,0.0285367334547662,0,0,0.0014167172637118,0,0.0099170208459826,0
POST.02.009.BAL,BAL,disease,02009,0,0.0011177347242921,0,0,0.131520119225037,0,0,0,0,0,0,0.116803278688525,0,0,0,0,0,0,0,0,0,0.432749627421759,0.0434053651266766,0.00130402384500745,0,0,0,0,0,0,0.0283159463487332,0.0283159463487332,0.014344262295082,0,0.202123695976155,0,0,0,0,0,0
POST.02.010.BAL,BAL,disease,02010,0,0,0,0,0.14188000781708,0,0,0,0,0,0,0.0498338870431894,0,0.0189564197772132,0,0,0,0.00214969708813758,0,0,0,0.326167676372875,0.0490521790111393,0.00410396716826265,0.012702755520813,0,0,0,0,0,0.0822747703732656,0.00488567520031268,0.0316591752980262,0.00566738323236271,0.270666406097323,0,0,0,0,0,0
POST.02.011.BAL,BAL,disease,02011,0,0,0,0,0.0327102803738318,0.0369158878504673,0,0,0,0,0,0.223831775700935,0,0.00794392523364486,0,0,0.0233644859813084,0,0,0,0,0.135981308411215,0.292056074766355,0.0014018691588785,0.0439252336448598,0,0,0,0,0,0.00607476635514019,0.00327102803738318,0,0.00420560747663551,0.0532710280373832,0,0.0626168224299065,0.058411214953271,0.00186915887850467,0,0.0121495327102804
POST.02.012.BAL,BAL,disease,02012,0,0,0,0,0.106445672191529,0.0263351749539595,0,0,0,0,0,0.110128913443831,0,0.00920810313075506,0,0,0,0,0,0,0,0.00810313075506446,0.433149171270718,0.0121546961325967,0.152117863720074,0,0,0,0,0,0,0.00386740331491713,0.00128913443830571,0.00165745856353591,0.00865561694290976,0,0.0449355432780847,0.0721915285451197,0.00497237569060773,0.00478821362799263,0
POST.02.013.BAL,BAL,disease,02013,0,0,0,0,0.0526002381897578,0.0267963477570464,0,0,0,0,0,0.249503771337832,0,0.0017864231838031,0,0,0,0,0,0,0,0.0512107979356888,0.475387058356491,0.0385073441842001,3.9698292973402e-4,0,0,0,0,0,0.00337435490273918,0.00635172687574434,0.0055577610162763,0.00476379515680826,0.00793965859468043,0,0.0510123064708218,0.0119094878920206,0.00238189757840413,0.0105200476379516,0
POST.03.001.BAL,BAL,disease,03001,0,0,0,0,0.0210249671484888,0.00525624178712221,0,0,0,0,0,0.0888304862023653,0,0.00657030223390276,0,0,0,0,0,0,0,0.0409986859395532,0.780814717477004,0.0155059132720105,0.00867279894875164,0,0,0,0,0,0,0,5.2562417871222e-4,0.00341655716162943,0.00473061760840999,0,0.01419185282523,0.00630749014454665,0.00315374507227332,0,0
POST.03.002.BAL,BAL,disease,03002,0,0,0,0,0.0912851627137341,0.00937672366243795,0,0,0,0,0,0.284611141753999,0,0,0,0,0,0,0,0,0,0.0126861555432984,0.436293436293436,0.0612244897959184,0.0416436845008274,0,0,0,0,0,0.0107556536127965,0.00358521787093216,0.00303364589078875,0,0.0206839492553778,0,0,0,0,0.0228902371759515,0.00193050193050193
POST.04.001.BAL,BAL,disease,04001,0,0,0,0,0.0248437738149672,0.0740740740740741,0,0,0,0,0,0.190672153635117,0,0.00624904740131078,0,0,0,0,0,0,0,0.00670629477213839,0.311690291114159,0.00411522633744856,0.257735101356501,0,0.00182898948331047,0,0,0,0,0.00670629477213839,0,0.0123456790123457,0.0568510897729005,0,0.0016765736930346,0.0016765736930346,0,0.00640146319158665,0.0364273738759335
POST.04.002.BAL,BAL,disease,04002,0,0,0,0,0.277529286474973,0,0,0,0,0,0,0.212779552715655,0,0.0236421725239617,0,0,0,0,0,0,0,0.0792332268370607,0.140149094781683,0.00873269435569755,0.0195953141640043,0,0,0,0,0,0,0.0685835995740149,0,0.0153354632587859,0.0247071352502662,0,0.0283280085197018,0.0225772097976571,0.00234291799787007,0.00319488817891374,0.0732694355697551
POST.04.003.BAL,BAL,disease,04003,0.00896860986547085,0.00416399743754004,0,0,0.0739910313901345,0.0100896860986547,0,0,0,0,0,0.0544522741832159,0,0.0366752081998719,0,0,0,0,0,0,0,0.342568866111467,0.155829596412556,0.00576553491351698,0.0200192184497117,0,0,0,0,0,0.0280269058295964,0.0347533632286996,0.00496476617552851,0.00384368994234465,0.188500960922486,0,0.00128122998078155,0.017777065983344,0,0.00176169122357463,0.00656630365150544
POST.04.004.BAL,BAL,disease,04004,0,0,0,0,0.0949796472184532,0,0,0,0,0,0,0.0312075983717775,0,0.0610583446404342,0,0,0,0,0,0,0,0.172320217096337,0.211668928086839,0,0.0447761194029851,0,0,0,0,0,0.0312075983717775,0.033921302578019,0.00271370420624152,0,0.297150610583446,0,0,0.00949796472184532,0,0.00949796472184532,0
POST.04.005.BAL,BAL,disease,04005,0,0.00892857142857143,0,0,0.167410714285714,0,0,0,0,0,0,0.078125,0,0,0,0,0,0,0,0,0,0.0825892857142857,0.245535714285714,0,0.109375,0,0,0,0,0,0.0111607142857143,0,0.00669642857142857,0.00892857142857143,0.265625,0,0,0,0,0.015625,0
RC1.ReagentControl,Reagent,control,1,0,0,0,0,0.0673181324647123,0,0,0,0,0,0,0,0,0,0,0,0,0,0,0,0,0.338219326818675,0,0,0,0,0,0,0,0,0.0846905537459283,0,0.0304017372421281,0,0.479370249728556,0,0,0,0,0,0
RC10.ReagentControl,Reagent,control,10,0,0,0,0,0.0957788200444335,0,0,0,0,0,0,0.0582572204393977,0,0,0,0,0,0,0,0,0,0.197728955813379,0.362873364601333,0,0,0,0,0,0,0,0.0271537891878549,0.0338188101703283,0.00617131572451247,0,0.218217724018761,0,0,0,0,0,0
RC2.ReagentControl,Reagent,control,2,0,0,0,0,0.115930802995094,0,0,0,0,0,0,0,0,0,0.0353730957913762,0,0,0,0,0,0,0.356312935708753,0,0,0,0,0,0,0,0,0.0880454428091918,0.0614510715207849,0.040278853601859,0,0.302607797572941,0,0,0,0,0,0
RC3.ReagentControl,Reagent,control,3,0,0,0,0,0.159414396095974,0,0,0,0,0,0,0,0,0,0,0,0,0,0,0,0,0.558763725091501,0,0,0,0,0,0,0,0,0.0178934526230175,0,0,0,0.247254981699878,0,0,0,0,0,0.0166734444896299
RC4.ReagentControl,Reagent,control,4,0,0,0,0,0.120667847204655,0,0,0,0,0,0,0.0199848216544397,0,0.0242853528965343,0.00556539337212244,0,0,0,0,0,0,0.385529977232482,0.065772830761447,0,0.00935997976220592,0,0,0,0,0,0.126992157854794,0.00910700733620035,0,0,0.229951935239059,0,0,0,0,0,0.00278269668606122
RC5.ReagentControl,Reagent,control,5,0,0,0,0,0.126026885735624,0,0,0,0,0,0.0246452576549664,0,0,0,0.0203510082150859,0,0,0,0,0.0106422703510082,0,0.33252427184466,0.00130694548170276,0,0,0,0,0,0,0,0.190253920836445,0.0457430918595967,0,0,0.248506348020911,0,0,0,0,0,0
RC6.ReagentControl,Reagent,control,6,0,0,0,0,0.0308752232712427,0.00178616994131156,0,0.0102066853789232,0,0,0,0.089563664200051,0,0.00357233988262312,0,0,0,0,0,0,0,0.101556519520286,0.118397550395509,0,2.5516713447308e-4,0,0,0,0,0,0.238070936463384,0.322020923705027,0,0,0.0500127583567237,0,0.0142893595304925,0.0181168665475887,0,0.0012758356723654,0
RC7.ReagentControl,Reagent,control,7,0,0,0,0,0.216619092927371,0,0,0,0,0,0.0282270853155725,0,0,0.0142721217887726,0,0,0,0,0,0,0,0.261338407865525,0,0,0,0,0,0,0,0,0.0659689184903267,0.025372660957818,0.129400570884872,0,0.258801141769743,0,0,0,0,0,0
RC8.ReagentControl,Reagent,control,8,0,0,0,0,0.18595450049456,0,0,0,0,0,0,0,0,0.0187932739861523,0,0,0,0,0,0,0,0.154302670623145,0,0,0,0,0,0,0,0,0.0316518298714144,0,0.120672601384768,0,0.48862512363996,0,0,0,0,0,0
RC9.ReagentControl,Reagent,control,9,0,0,0,0,0.178485576923077,0,0,0,0,0,0,0,0,0,0,0,0,0,0,0,0,0.388020833333333,0,0,0,0,0,0,0,0,0.104567307692308,0,0.0637019230769231,0,0.265224358974359,0,0,0,0,0,0
