"","FL.CON1062.BAL.FlushControl","FL.CON1063.BAL.FlushControl","FL.CON1064.BAL.FlushControl","FL.CON1065.BAL.FlushControl","FL.CON1066.BAL.FlushControl","FL.CON1067.BAL.FlushControl","FL.CON1068.BAL.FlushControl","FL.CON1069.BAL.FlushControl","FL.CON1070.BAL.FlushControl","FL.CON1071.BAL.FlushControl","FL.CON1072.BAL.FlushControl","FL.CON1073.BAL.FlushControl","FL.CON1074.BAL.FlushControl","FL.CON1076.BAL.FlushControl","FL.POST.01.004.BAL.FlushControl","FL.POST.01.005.BAL.FlushControl","FL.POST.01.006.BAL.FlushControl","FL.POST.01.007.BAL.FlushControl","FL.POST.01.010.BAL.FlushControl","FL.POST.01.011.BAL.FlushControl","FL.POST.01.013.BAL.FlushControl","FL.POST.02.002.BAL.FlushControl","FL.POST.02.003.BAL.FlushControl","FL.POST.02.004.BAL.FlushControl","FL.POST.02.005.BAL.FlushControl","FL.POST.02.006.BAL.FlushControl","FL.POST.02.007.BAL.FlushControl","FL.POST.02.008.BAL.FlushControl","FL.POST.02.009.BAL.FlushControl","FL.POST.02.010.BAL.FlushControl","FL.POST.02.011.BAL.FlushControl","FL.POST.02.012.BAL.FlushControl","FL.POST.02.013.BAL.FlushControl","FL.POST.03.002.BAL.FlushControl","ILDCON1062.BAL","ILDCON1063.BAL","ILDCON1064.BAL","ILDCON1065.BAL","ILDCON1066.BAL","ILDCON1067.BAL","ILDCON1068.BAL","ILDCON1070.BAL","ILDCON1071.BAL","ILDCON1072.BAL","ILDCON1073.BAL","ILDCON1074.BAL","ILDCON1076.BAL","NEG.OR.01.002.Water.OralControl","NEG.OR.01.004.Water.OralControl","NEG.OR.01.005.Water.OralControl","NEG.OR.01.006.Water.OralControl","NEG.OR.01.007.Water.OralControl","NEG.OR.01.010.Water.OralControl","NEG.OR.01.011.Water.OralControl","NEG.OR.01.013.Water.OralControl","NEG.OR.03.001.Water.OralControl","NEG.OR.CON1062.Water.OralControl","NEG.OR.CON1063.Water.OralControl","NEG.OR.CON1067.Water.OralControl","NEG.OR.CON1068.Water.OralControl","NEG.OR.CON1069.Water.OralControl","NEG.OR.CON1070.Water.OralControl","NEG.OR.CON1071.Water.OralControl","NEG.OR.CON1072.Water.OralControl","NEG.OR.CON1073.Water.OralControl","NEG.OR.CON1074.Water.OralControl","NEG.OR.CON1075.Water.OralControl","NEG.OR.CON1076.Water.OralControl","OR.CON1062.OralRinse","OR.CON1063.OralRinse","OR.CON1064a.OralRinse","OR.CON1065.OralRinse","OR.CON1066.OralRinse","OR.CON1067.OralRinse","OR.CON1068.OralRinse","OR.CON1069.OralRinse","OR.CON1069a.OralRinse","OR.CON1070.OralRinse","OR.CON1071.OralRinse","OR.CON1072.OralRinse","OR.CON1073.OralRinse","OR.CON1074.OralRinse","OR.CON1075.OralRinse","OR.CON1076.OralRinse","OR.POST.01.002.OralRinse","OR.POST.01.004.OralRinse","OR.POST.01.005.OralRinse","OR.POST.01.006.OralRinse","OR.POST.01.007.OralRinse","OR.POST.01.010.OralRinse","OR.POST.01.011.OralRinse","OR.POST.01.013.OralRinse","OR.POST.02.001.OralRinse","OR.POST.02.002.OralRinse","OR.POST.02.003.OralRinse","OR.POST.02.004.OralRinse","OR.POST.02.005.OralRinse","OR.POST.02.006.OralRinse","OR.POST.02.007.OralRinse","OR.POST.02.008.OralRinse","OR.POST.02.009.OralRinse","OR.POST.02.010.OralRinse","OR.POST.02.011.OralRinse","OR.POST.02.012.OralRinse","OR.POST.02.013.OralRinse","OR.POST.03.001.OralRinse","OR.POST.03.002.OralRinse","POST.01.001.BAL","POST.01.003a.BAL","POST.01.004a.BAL","POST.01.005.BAL","POST.01.006.BAL","POST.01.007b.BAL","POST.01.009.BAL","POST.01.010.BAL","POST.01.011.BAL","POST.01.013a.BAL","POST.02.001.BAL","POST.02.002.BAL","POST.02.003.BAL","POST.02.004.BAL","POST.02.005.BAL","POST.02.006.BAL","POST.02.007.BAL","POST.02.008.BAL","POST.02.009.BAL","POST.02.010.BAL","POST.02.011.BAL","POST.02.012.BAL","POST.02.013.BAL","POST.03.001.BAL","POST.03.002.BAL","POST.04.001.BAL","POST.04.002.BAL","POST.04.003.BAL","POST.04.004.BAL","POST.04.005.BAL","RC1.ReagentControl","RC10.ReagentControl","RC2.ReagentControl","RC3.ReagentControl","RC4.ReagentControl","RC5.ReagentControl","RC6.ReagentControl","RC7.ReagentControl","RC8.ReagentControl","RC9.ReagentControl"
"Euryarchaeota",0.244227320897208,0.34516098832894,0.250741925135643,0.1090549714575,0.304989870000911,0.250741925135643,0.385478911588917,0.218687320174744,0.250741925135643,0.385478911588917,0.250741925135643,0.304989870000911,0.304989870000911,0.250741925135643,-0.0250174183262449,0.218687320174744,0.304989870000911,0.0286536242169984,0.131741291216483,0.304989870000911,0.304989870000911,0.304989870000911,0.250741925135643,0.304989870000911,0.304989870000911,0.304989870000911,0.304989870000911,0.250741925135643,0.304989870000911,0.218687320174744,0.229295301849206,0.304989870000911,0.385478911588917,0.250741925135643,0.0218529624846384,0.103408342766612,0.0205795141269003,0.0706346605814672,0.0358291597718534,0.1090549714575,0.0205795141269003,0.0706346605814672,0.127660171299217,0.103408342766612,0.0358291597718534,0.0286536242169984,0.0205795141269003,0.171331978932731,0.250741925135643,0.250741925135643,0.218687320174744,0.1090549714575,0.304989870000911,0.250741925135643,0.304989870000911,0.250741925135643,0.250741925135643,0.304989870000911,0.385478911588917,0.250741925135643,0.250741925135643,0.250741925135643,0.127660171299217,0.0734501232190852,0.158358973170659,0.385478911588917,0.250741925135643,0.304989870000911,0.0286536242169984,0.103408342766612,0.0286536242169984,0.0706346605814672,0.0205795141269003,0.0205795141269003,0.0286536242169984,0.0706346605814672,0.0706346605814672,0.0706346605814672,0.1090549714575,0.0286536242169984,0.0358291597718534,0.0358291597718534,0.0286536242169984,0.0706346605814672,0.00664069428187486,0.103408342766612,0.0706346605814672,0.127660171299217,0.0205795141269003,0.127660171299217,0.0305185641114734,0.0706346605814672,0.1090549714575,0.0286536242169984,0.0205795141269003,0.103408342766612,0.218687320174744,0.103408342766612,0.0706346605814672,0.103408342766612,0.127660171299217,0.0706346605814672,0.0358291597718534,0.0358291597718534,0.0270448941500057,0.0286536242169984,0.103408342766612,0.103408342766612,0.1090549714575,0.0205795141269003,0.0706346605814672,0.1090549714575,0.103408342766612,0.127660171299217,0.171331978932731,0.0358291597718534,0.0358291597718534,0.0706346605814672,0.0358291597718534,0.0358291597718534,0.103408342766612,0.250741925135643,0.103408342766612,0.0828586723149272,0.1090549714575,0.127660171299217,0.103408342766612,0.0706346605814672,0.0358291597718534,0.0286536242169984,0.103408342766612,0.103408342766612,0.0358291597718534,0.0286536242169984,57.8081739291659,0.0706346605814672,0.127660171299217,0.385478911588917,0.304989870000911,0.304989870000911,0.385478911588917,0.190583481341197,0.304989870000911,0.0358291597718534,0.304989870000911,0.340954334358397,0.304989870000911
"[Thermi]",0.244227320897208,0.34516098832894,11.5074192513564,0.1090549714575,0.304989870000911,0.250741925135643,0.385478911588917,0.218687320174744,0.250741925135643,0.385478911588917,0.250741925135643,0.304989870000911,0.304989870000911,0.250741925135643,-0.0250174183262449,0.218687320174744,0.304989870000911,29.85960872651,2.39522387364945,0.304989870000911,0.304989870000911,0.304989870000911,0.250741925135643,0.304989870000911,0.304989870000911,0.304989870000911,0.304989870000911,0.250741925135643,0.304989870000911,27.0298083640191,80.1334899220476,0.304989870000911,0.385478911588917,0.250741925135643,0.0218529624846384,0.103408342766612,0.0205795141269003,0.0706346605814672,0.0358291597718534,0.1090549714575,0.0205795141269003,0.0706346605814672,0.127660171299217,0.103408342766612,0.0358291597718534,0.0286536242169984,69.4199864747561,0.171331978932731,0.250741925135643,0.250741925135643,0.218687320174744,46.6893637726725,0.304989870000911,0.250741925135643,0.304989870000911,12.7581611764921,0.250741925135643,0.304989870000911,0.385478911588917,0.250741925135643,64.0385801070534,0.250741925135643,0.127660171299217,0.0734501232190852,0.158358973170659,0.385478911588917,0.250741925135643,0.304989870000911,0.0286536242169984,0.103408342766612,0.0286536242169984,0.0706346605814672,0.0205795141269003,0.0205795141269003,0.0286536242169984,0.0706346605814672,0.0706346605814672,0.0706346605814672,0.1090549714575,0.0286536242169984,0.0358291597718534,0.0358291597718534,0.0286536242169984,0.0706346605814672,0.00664069428187486,0.103408342766612,0.0706346605814672,0.127660171299217,5.1234770847614,0.127660171299217,0.0305185641114734,0.0706346605814672,0.1090549714575,0.0286536242169984,0.0205795141269003,0.103408342766612,0.218687320174744,0.103408342766612,0.0706346605814672,0.103408342766612,0.127660171299217,0.0706346605814672,0.0358291597718534,0.0358291597718534,0.0270448941500057,0.0286536242169984,0.103408342766612,0.103408342766612,0.1090549714575,998.147344330235,0.0706346605814672,0.1090549714575,0.103408342766612,0.127660171299217,0.171331978932731,0.0358291597718534,0.0358291597718534,0.0706346605814672,0.0358291597718534,0.0358291597718534,11.1374917704327,11.5074192513564,0.103408342766612,0.0828586723149272,0.1090549714575,14.787242398189,0.103408342766612,0.0706346605814672,0.0358291597718534,0.0286536242169984,0.103408342766612,2.31022502829984,0.0358291597718534,0.0286536242169984,26.8565034401312,0.0706346605814672,4.63830085649608,0.385478911588917,0.304989870000911,0.304989870000911,0.385478911588917,3.76233392536479,0.304989870000911,0.0358291597718534,0.304989870000911,0.340954334358397,0.304989870000911
"Acidobacteria",0.244227320897208,0.34516098832894,0.250741925135643,8.9814947431175,0.304989870000911,0.250741925135643,0.385478911588917,0.218687320174744,0.250741925135643,0.385478911588917,129.077160214107,0.304989870000911,0.304989870000911,0.250741925135643,24.3495471235176,0.218687320174744,0.304989870000911,668.653509365266,0.131741291216483,0.304989870000911,0.304989870000911,0.304989870000911,0.250741925135643,0.304989870000911,0.304989870000911,0.304989870000911,0.304989870000911,0.250741925135643,0.304989870000911,0.218687320174744,0.229295301849206,0.304989870000911,0.385478911588917,0.250741925135643,0.0218529624846384,0.103408342766612,0.0205795141269003,0.0706346605814672,0.0358291597718534,0.1090549714575,0.0205795141269003,0.0706346605814672,0.127660171299217,0.103408342766612,0.0358291597718534,0.0286536242169984,0.0205795141269003,82.1645705042239,0.250741925135643,0.250741925135643,0.218687320174744,1733.56197535953,0.304989870000911,0.250741925135643,0.304989870000911,0.250741925135643,0.250741925135643,0.304989870000911,0.385478911588917,0.250741925135643,0.250741925135643,0.250741925135643,0.127660171299217,0.0734501232190852,0.158358973170659,0.385478911588917,0.250741925135643,0.304989870000911,0.0286536242169984,0.103408342766612,0.0286536242169984,0.0706346605814672,0.0205795141269003,0.0205795141269003,0.0286536242169984,0.0706346605814672,0.0706346605814672,0.0706346605814672,0.1090549714575,0.0286536242169984,0.0358291597718534,0.0358291597718534,0.0286536242169984,0.0706346605814672,0.00664069428187486,0.103408342766612,0.0706346605814672,0.127660171299217,0.0205795141269003,0.127660171299217,0.0305185641114734,0.0706346605814672,0.1090549714575,0.0286536242169984,0.0205795141269003,0.103408342766612,0.218687320174744,0.103408342766612,0.0706346605814672,0.103408342766612,0.127660171299217,0.0706346605814672,0.0358291597718534,0.0358291597718534,0.0270448941500057,0.0286536242169984,0.103408342766612,0.103408342766612,0.1090549714575,230.671549706806,0.0706346605814672,0.1090549714575,0.103408342766612,0.127660171299217,0.171331978932731,35.2540205920149,0.0358291597718534,0.0706346605814672,0.0358291597718534,0.0358291597718534,30.9988419402317,0.250741925135643,0.103408342766612,0.0828586723149272,0.1090549714575,0.127660171299217,33.205658625765,0.0706346605814672,0.0358291597718534,0.0286536242169984,0.103408342766612,0.103408342766612,0.0358291597718534,0.0286536242169984,0.0317223496344892,0.0706346605814672,0.127660171299217,0.385478911588917,0.304989870000911,0.304989870000911,0.385478911588917,0.190583481341197,0.304989870000911,0.0358291597718534,0.304989870000911,0.340954334358397,0.304989870000911
"Actinobacteria",568.856112970921,24.5580587782499,1329.78940834432,2261.4721417733,385.27700152027,321.691416684996,41.9498462592564,2313.28722101184,369.21960984015,136.162412247303,666.896188022433,0.304989870000911,149.073835050105,531.816060107784,455.291848223317,3455.19724001557,323.942477630227,206.788032091834,53.3235819783912,877.258182510613,380.057042040266,36.8447062300264,7.7551934759495,96.8742402500684,40.7596758400292,331.772416850232,213.018338680149,316.688448984453,185.61355141013,157.429351622717,66.6112416017063,186.918541280131,40.5643673476675,191.614256470889,4925.35313213844,5423.35541304066,2995.42145347658,7171.18159123525,4558.7199613157,32096.1599289515,8355.50506167106,4244.06642920552,10569.6864457589,8391.52385508285,12364.7285093564,4420.15327688466,5858.14699060253,2321.75131422361,1068.38434599097,105.31306363653,6415.38874072003,899.55263682349,1735.94151697121,1648.72859925391,62.9445036300447,1457.36508470816,434.258189947204,280.877811920197,208.207315649926,46.5281931551544,116.56974096275,1561.17666449442,5850.42862887164,4782.29374906424,1642.71138292917,765.169838108671,734.436251979758,206.493389330145,10422.3471741908,10249.6635043018,17713.4440626409,16956.7823889499,14299.3601519461,17948.9524944639,31832.7437086434,16730.8784755672,16711.6070516767,17238.3593046828,23697.2866301039,34933.1057320335,20902.032444196,10180.1648113975,22873.1706417134,22193.2565138538,13635.9614854366,7618.03460680346,15743.7533185111,11928.5169521744,9240.34750041908,26786.5673692129,30185.9802985174,47848.8748853675,19470.6781338793,14109.0417633846,17591.7496645195,16148.4845047321,26634.6300697392,17809.1140605959,16750.1498994576,20968.1721459367,32747.3790347006,20965.2385581669,20797.413699059,17623.6331535181,16601.1807139348,13606.0301411425,15047.2829786511,4297.87890341872,10394.1722474712,9026.02580245243,3925.01730035224,5014.14658093082,4812.06719114796,8423.74913977645,9628.52019880598,2411.44611310865,10514.7376300039,4932.4845159594,5081.81368700048,4541.11086559958,12008.4964026718,1507.39476171359,12493.9960734891,10079.3313805797,13367.5486259487,4532.19388862285,1312.05592789227,1064.28148727856,7939.66633881103,10128.1522376648,9071.22339422708,5713.55180718828,14034.4851149086,6359.1653585337,8733.56141200559,13409.7697584435,18581.7119628398,19.7821836738338,1597.61259075112,151.683814790107,109.838312927113,479.995726461844,437.476596320306,1765.08871741101,397.021910350278,76.775351392787,889.003091340622
"Aquificae",0.244227320897208,0.34516098832894,0.250741925135643,0.1090549714575,0.304989870000911,0.250741925135643,0.385478911588917,0.218687320174744,0.250741925135643,0.385478911588917,0.250741925135643,0.304989870000911,0.304989870000911,0.250741925135643,-0.0250174183262449,0.218687320174744,0.304989870000911,0.0286536242169984,0.131741291216483,0.304989870000911,0.304989870000911,0.304989870000911,0.250741925135643,0.304989870000911,0.304989870000911,0.304989870000911,0.304989870000911,0.250741925135643,0.304989870000911,0.218687320174744,0.229295301849206,0.304989870000911,0.385478911588917,0.250741925135643,0.0218529624846384,0.103408342766612,0.0205795141269003,0.0706346605814672,0.0358291597718534,0.1090549714575,0.0205795141269003,0.0706346605814672,0.127660171299217,0.103408342766612,0.0358291597718534,0.0286536242169984,0.0205795141269003,0.171331978932731,0.250741925135643,0.250741925135643,0.218687320174744,0.1090549714575,0.304989870000911,0.250741925135643,0.304989870000911,0.250741925135643,0.250741925135643,0.304989870000911,0.385478911588917,0.250741925135643,0.250741925135643,0.250741925135643,0.127660171299217,0.0734501232190852,0.158358973170659,0.385478911588917,0.250741925135643,0.304989870000911,0.0286536242169984,0.103408342766612,0.0286536242169984,0.0706346605814672,0.0205795141269003,0.0205795141269003,0.0286536242169984,0.0706346605814672,0.0706346605814672,0.0706346605814672,0.1090549714575,0.0286536242169984,0.0358291597718534,0.0358291597718534,0.0286536242169984,0.0706346605814672,0.00664069428187486,0.103408342766612,0.0706346605814672,0.127660171299217,0.0205795141269003,0.127660171299217,0.0305185641114734,0.0706346605814672,0.1090549714575,0.0286536242169984,0.0205795141269003,0.103408342766612,0.218687320174744,0.103408342766612,0.0706346605814672,0.103408342766612,0.127660171299217,0.0706346605814672,0.0358291597718534,0.0358291597718534,0.0270448941500057,0.0286536242169984,0.103408342766612,0.103408342766612,0.1090549714575,0.0205795141269003,0.0706346605814672,0.1090549714575,0.103408342766612,6.89362119909452,0.171331978932731,0.0358291597718534,0.0358291597718534,0.0706346605814672,0.0358291597718534,0.0358291597718534,0.103408342766612,0.250741925135643,0.103408342766612,0.0828586723149272,0.1090549714575,0.127660171299217,0.103408342766612,0.0706346605814672,0.0358291597718534,0.0286536242169984,0.103408342766612,0.103408342766612,0.0358291597718534,0.0286536242169984,0.0317223496344892,0.0706346605814672,0.127660171299217,0.385478911588917,0.304989870000911,0.304989870000911,0.385478911588917,0.190583481341197,0.304989870000911,0.0358291597718534,0.304989870000911,0.340954334358397,0.304989870000911
"Armatimonadetes",0.244227320897208,0.34516098832894,0.250741925135643,0.1090549714575,39.4546859700283,0.250741925135643,0.385478911588917,0.218687320174744,0.250741925135643,0.385478911588917,0.250741925135643,0.304989870000911,0.304989870000911,0.250741925135643,-0.0250174183262449,0.218687320174744,0.304989870000911,13.401150739038,0.131741291216483,0.304989870000911,0.304989870000911,0.304989870000911,0.250741925135643,0.304989870000911,0.304989870000911,0.304989870000911,0.304989870000911,0.250741925135643,0.304989870000911,0.218687320174744,0.229295301849206,134.718946480095,0.385478911588917,0.250741925135643,0.0218529624846384,0.103408342766612,0.0205795141269003,0.0706346605814672,0.0358291597718534,0.1090549714575,0.0205795141269003,0.0706346605814672,0.127660171299217,0.103408342766612,0.0358291597718534,0.0286536242169984,0.0205795141269003,0.171331978932731,0.250741925135643,0.250741925135643,0.218687320174744,0.1090549714575,0.304989870000911,0.250741925135643,0.304989870000911,0.250741925135643,0.250741925135643,0.304989870000911,0.385478911588917,0.250741925135643,0.250741925135643,0.250741925135643,0.127660171299217,0.0734501232190852,0.158358973170659,0.385478911588917,0.250741925135643,0.304989870000911,0.0286536242169984,0.103408342766612,0.0286536242169984,0.0706346605814672,0.0205795141269003,0.0205795141269003,0.0286536242169984,0.0706346605814672,0.0706346605814672,0.0706346605814672,0.1090549714575,0.0286536242169984,0.0358291597718534,0.0358291597718534,0.0286536242169984,0.0706346605814672,0.00664069428187486,0.103408342766612,0.0706346605814672,0.127660171299217,0.0205795141269003,0.127660171299217,0.0305185641114734,0.0706346605814672,0.1090549714575,0.0286536242169984,0.0205795141269003,0.103408342766612,0.218687320174744,0.103408342766612,0.0706346605814672,0.103408342766612,0.127660171299217,0.0706346605814672,0.0358291597718534,0.0358291597718534,0.0270448941500057,0.0286536242169984,0.103408342766612,0.103408342766612,0.1090549714575,0.0205795141269003,0.0706346605814672,0.1090549714575,0.103408342766612,0.127660171299217,0.171331978932731,70.4722120242579,0.0358291597718534,0.0706346605814672,0.0358291597718534,0.0358291597718534,0.103408342766612,0.250741925135643,0.103408342766612,0.0828586723149272,0.1090549714575,0.127660171299217,0.103408342766612,0.0706346605814672,0.0358291597718534,0.0286536242169984,0.103408342766612,0.103408342766612,0.0358291597718534,0.0286536242169984,0.0317223496344892,0.0706346605814672,0.127660171299217,0.385478911588917,0.304989870000911,0.304989870000911,0.385478911588917,0.190583481341197,0.304989870000911,0.0358291597718534,0.304989870000911,0.340954334358397,0.304989870000911
"Bacteroidetes",1047.88363151635,23.2128977899209,390.482222567456,785.319974763368,40.7596758400292,35.2715158289337,0.385478911588917,0.218687320174744,254.151352727671,57.1901142867345,12.7581611764921,848.548405370593,0.304989870000911,22.7640965775772,1221.62815741889,271.985959719143,8.13492909000638,925.816915419515,8.05393032973187,352.652254770247,2.91496961000273,17.2698581800128,7.7551934759495,79.9093719400565,0.304989870000911,0.304989870000911,0.304989870000911,190.363514545753,69.4694529800492,44.0914308464655,0.229295301849206,197.358460240139,0.385478911588917,137.832353690056,18990.137307777,20393.2963993553,11193.736690458,14051.0799201318,10058.9727997042,21499.1396766751,9912.90940022871,19931.0054760452,29639.5476025999,18027.5889124637,28379.683148589,22483.3109181352,14411.6238985001,222.724407976152,1583.69001914686,6.50445155081386,13.6242478420969,665.542037845958,256.08300439018,266.658771979028,4.21995948000365,107.814547486801,24.0148385027129,13.35488857001,101.52543945758,12.7581611764921,12.7581611764921,272.912481604706,11144.7931331215,9314.40016929522,1680.9372290438,352.297122455174,345.455513262573,181.698581800128,16358.7072395471,35390.8225942391,10936.6739862993,22730.7151134657,42178.5307393507,7038.95748844736,14757.0935466413,9921.64203426904,11326.3147089519,27998.2376435265,42500.2046161943,51876.0595765117,50614.7918922516,39537.6348576514,21294.1873285403,33774.3116373635,42574.8681646519,24200.0551819001,32583.765894797,15700.5402251703,14658.6041409188,21983.8626996495,26569.8906570502,53463.2830454567,72938.2183078454,54560.845535718,40103.6925871307,34692.3651132678,28261.5776421725,22905.7571958349,46257.9117797435,45299.4295122833,13224.1984889972,60114.0655569888,29057.1154190798,26080.1424138955,44210.2015584753,42933.9736211933,61598.9775516317,19787.5252191764,1407.49981375103,4141.53224784109,23864.5172190215,7630.40725859906,9656.02981589339,3201.55488648978,11784.9423720211,3188.31798293754,17850.4797395081,24655.7162331912,21989.6530619564,17579.0924996479,2821.51854079699,397.98667411827,20006.0000710442,16312.2658984244,24387.1188223504,3164.3421008369,2396.70632883185,6204.39849273018,25480.3973303876,24686.686981208,9988.15572706614,29859.4365719501,24523.2911867584,13280.9755958899,3597.6475555251,5524.54548326095,2447.1502318906,0.385478911588917,427.036677360299,181.698581800128,0.385478911588917,759.782844577025,314.807548540221,3676.19351719008,132.108966740093,0.340954334358397,2.91496961000273
"Chlamydiae",0.244227320897208,0.34516098832894,0.250741925135643,0.1090549714575,0.304989870000911,0.250741925135643,0.385478911588917,0.218687320174744,0.250741925135643,0.385478911588917,0.250741925135643,0.304989870000911,0.304989870000911,0.250741925135643,37.9993032669502,0.218687320174744,0.304989870000911,10.315189866387,0.131741291216483,0.304989870000911,0.304989870000911,0.304989870000911,0.250741925135643,0.304989870000911,0.304989870000911,0.304989870000911,0.304989870000911,0.250741925135643,0.304989870000911,0.218687320174744,0.229295301849206,0.304989870000911,0.385478911588917,0.250741925135643,0.0218529624846384,0.103408342766612,0.0205795141269003,0.0706346605814672,0.0358291597718534,0.1090549714575,0.0205795141269003,0.0706346605814672,0.127660171299217,0.103408342766612,0.0358291597718534,0.0286536242169984,0.0205795141269003,0.171331978932731,0.250741925135643,0.250741925135643,0.218687320174744,0.1090549714575,0.304989870000911,0.250741925135643,0.304989870000911,0.250741925135643,0.250741925135643,0.304989870000911,0.385478911588917,0.250741925135643,0.250741925135643,0.250741925135643,0.127660171299217,0.0734501232190852,0.158358973170659,0.385478911588917,0.250741925135643,0.304989870000911,0.0286536242169984,0.103408342766612,0.0286536242169984,0.0706346605814672,0.0205795141269003,0.0205795141269003,0.0286536242169984,0.0706346605814672,0.0706346605814672,0.0706346605814672,0.1090549714575,0.0286536242169984,0.0358291597718534,0.0358291597718534,0.0286536242169984,0.0706346605814672,0.00664069428187486,0.103408342766612,0.0706346605814672,0.127660171299217,0.0205795141269003,0.127660171299217,0.0305185641114734,0.0706346605814672,0.1090549714575,0.0286536242169984,0.0205795141269003,0.103408342766612,0.218687320174744,0.103408342766612,0.0706346605814672,0.103408342766612,0.127660171299217,0.0706346605814672,0.0358291597718534,0.0358291597718534,0.0270448941500057,0.0286536242169984,0.103408342766612,0.103408342766612,0.1090549714575,0.0205795141269003,0.0706346605814672,0.1090549714575,0.103408342766612,0.127660171299217,0.171331978932731,0.0358291597718534,0.0358291597718534,0.0706346605814672,0.0358291597718534,0.0358291597718534,0.103408342766612,0.250741925135643,0.103408342766612,0.0828586723149272,0.1090549714575,0.127660171299217,0.103408342766612,0.0706346605814672,0.0358291597718534,0.0286536242169984,0.103408342766612,0.103408342766612,0.0358291597718534,0.0286536242169984,0.0317223496344892,0.0706346605814672,0.127660171299217,0.385478911588917,0.304989870000911,0.304989870000911,0.385478911588917,0.190583481341197,0.304989870000911,0.0358291597718534,0.304989870000911,0.340954334358397,0.304989870000911
"Chloroflexi",0.244227320897208,0.34516098832894,0.250741925135643,17.8539345147775,0.304989870000911,0.250741925135643,0.385478911588917,0.218687320174744,0.250741925135643,0.385478911588917,0.250741925135643,0.304989870000911,0.304989870000911,21.5133546524416,-0.0250174183262449,0.218687320174744,0.304989870000911,0.0286536242169984,0.131741291216483,0.304989870000911,0.304989870000911,0.304989870000911,0.250741925135643,0.304989870000911,0.304989870000911,0.304989870000911,0.304989870000911,0.250741925135643,0.304989870000911,0.218687320174744,0.229295301849206,0.304989870000911,0.385478911588917,0.250741925135643,18.4152062872081,0.103408342766612,0.0205795141269003,0.0706346605814672,0.0358291597718534,0.1090549714575,22.4733288249187,0.0706346605814672,0.127660171299217,0.103408342766612,26.96738731384,0.0286536242169984,0.0205795141269003,22.4266395786546,0.250741925135643,0.250741925135643,0.218687320174744,0.1090549714575,0.304989870000911,0.250741925135643,0.304989870000911,0.250741925135643,0.250741925135643,0.304989870000911,0.385478911588917,0.250741925135643,0.250741925135643,11.5074192513564,0.127660171299217,0.0734501232190852,0.158358973170659,0.385478911588917,0.250741925135643,0.304989870000911,0.0286536242169984,0.103408342766612,6.20057536951899,0.0706346605814672,5.1234770847614,0.0205795141269003,0.0286536242169984,0.0706346605814672,0.0706346605814672,0.0706346605814672,0.1090549714575,0.0286536242169984,0.0358291597718534,0.0358291597718534,0.0286536242169984,0.0706346605814672,14.0996104142281,0.103408342766612,0.0706346605814672,0.127660171299217,0.0205795141269003,0.127660171299217,0.0305185641114734,0.0706346605814672,0.1090549714575,19.57307248434,0.0205795141269003,0.103408342766612,0.218687320174744,0.103408342766612,0.0706346605814672,0.103408342766612,0.127660171299217,0.0706346605814672,5.21497495863112,0.0358291597718534,46.2440651309003,0.0286536242169984,0.103408342766612,0.103408342766612,0.1090549714575,142.901711491893,0.0706346605814672,0.1090549714575,0.103408342766612,0.127660171299217,0.171331978932731,0.0358291597718534,9.35829159771853,0.0706346605814672,22.8240706747526,0.0358291597718534,0.103408342766612,0.250741925135643,0.103408342766612,0.0828586723149272,0.1090549714575,0.127660171299217,12.2409001131993,53.6023676896548,0.0358291597718534,0.0286536242169984,0.103408342766612,0.103408342766612,0.0358291597718534,0.0286536242169984,0.0317223496344892,0.0706346605814672,0.127660171299217,0.385478911588917,0.304989870000911,0.304989870000911,0.385478911588917,0.190583481341197,0.304989870000911,0.0358291597718534,0.304989870000911,0.340954334358397,0.304989870000911
"Cyanobacteria",0.244227320897208,0.34516098832894,0.250741925135643,154.26769600405,0.304989870000911,40.2744835294762,0.385478911588917,79.4333631315331,71.5430316578673,0.385478911588917,0.250741925135643,0.304989870000911,59.0295340200419,0.250741925135643,556.690036717388,189.11522194726,0.304989870000911,899.071921189874,164.234228517607,180.393591930127,0.304989870000911,0.304989870000911,372.971835615557,0.304989870000911,0.304989870000911,0.304989870000911,0.304989870000911,110.316031337072,0.304989870000911,19.7176844429707,5.14647650924603,0.304989870000911,0.385478911588917,86.551934759495,0.0218529624846384,0.103408342766612,6.1440565988883,0.0706346605814672,31.1107039529275,0.1090549714575,5.1234770847614,0.0706346605814672,0.127660171299217,0.103408342766612,0.0358291597718534,0.0286536242169984,106.160848983325,0.171331978932731,0.250741925135643,25.2655804278485,0.218687320174744,115.450772003038,0.304989870000911,36.5222577540693,0.304989870000911,0.250741925135643,322.942158610132,0.304989870000911,0.385478911588917,4.00296770054257,0.250741925135643,0.250741925135643,0.127660171299217,7.58760098575268,0.158358973170659,0.385478911588917,166.599417968176,0.304989870000911,0.0286536242169984,0.103408342766612,0.0286536242169984,0.0706346605814672,0.0205795141269003,0.0205795141269003,0.0286536242169984,0.0706346605814672,0.0706346605814672,0.0706346605814672,0.1090549714575,0.0286536242169984,0.0358291597718534,0.0358291597718534,0.0286536242169984,0.0706346605814672,0.00664069428187486,0.103408342766612,0.0706346605814672,0.127660171299217,0.0205795141269003,0.127660171299217,0.0305185641114734,0.0706346605814672,0.1090549714575,0.0286536242169984,0.0205795141269003,0.103408342766612,0.218687320174744,0.103408342766612,0.0706346605814672,0.103408342766612,0.127660171299217,0.0706346605814672,0.0358291597718534,0.0358291597718534,0.0270448941500057,0.0286536242169984,0.103408342766612,0.103408342766612,31.1625941722675,316.400228893466,0.0706346605814672,0.1090549714575,0.103408342766612,0.127660171299217,0.171331978932731,896.028052362425,0.0358291597718534,13.9888852481405,9.35829159771853,0.0358291597718534,0.103408342766612,0.250741925135643,0.103408342766612,0.0828586723149272,0.1090549714575,0.127660171299217,0.103408342766612,0.0706346605814672,0.0358291597718534,15.458457987472,0.103408342766612,0.103408342766612,0.0358291597718534,0.0286536242169984,0.0317223496344892,0.0706346605814672,0.127660171299217,0.385478911588917,0.304989870000911,0.304989870000911,0.385478911588917,0.190583481341197,74.6894124600529,0.0358291597718534,0.304989870000911,0.340954334358397,0.304989870000911
"Fibrobacteres",0.244227320897208,0.34516098832894,0.250741925135643,0.1090549714575,0.304989870000911,0.250741925135643,0.385478911588917,0.218687320174744,0.250741925135643,0.385478911588917,0.250741925135643,0.304989870000911,0.304989870000911,0.250741925135643,-0.0250174183262449,0.218687320174744,0.304989870000911,0.0286536242169984,0.131741291216483,0.304989870000911,0.304989870000911,0.304989870000911,0.250741925135643,0.304989870000911,0.304989870000911,0.304989870000911,0.304989870000911,0.250741925135643,0.304989870000911,0.218687320174744,0.229295301849206,0.304989870000911,0.385478911588917,0.250741925135643,0.0218529624846384,0.103408342766612,0.0205795141269003,0.0706346605814672,0.0358291597718534,0.1090549714575,0.0205795141269003,0.0706346605814672,0.127660171299217,0.103408342766612,0.0358291597718534,0.0286536242169984,0.0205795141269003,0.171331978932731,0.250741925135643,0.250741925135643,0.218687320174744,0.1090549714575,0.304989870000911,0.250741925135643,0.304989870000911,0.250741925135643,0.250741925135643,0.304989870000911,0.385478911588917,0.250741925135643,0.250741925135643,0.250741925135643,0.127660171299217,0.0734501232190852,0.158358973170659,0.385478911588917,0.250741925135643,0.304989870000911,0.0286536242169984,0.103408342766612,0.0286536242169984,0.0706346605814672,0.0205795141269003,0.0205795141269003,0.0286536242169984,0.0706346605814672,0.0706346605814672,0.0706346605814672,0.1090549714575,0.0286536242169984,0.0358291597718534,0.0358291597718534,0.0286536242169984,0.0706346605814672,0.00664069428187486,0.103408342766612,0.0706346605814672,0.127660171299217,0.0205795141269003,0.127660171299217,0.0305185641114734,0.0706346605814672,0.1090549714575,0.0286536242169984,0.0205795141269003,0.103408342766612,0.218687320174744,0.103408342766612,0.0706346605814672,0.103408342766612,0.127660171299217,0.0706346605814672,0.0358291597718534,0.0358291597718534,0.0270448941500057,0.0286536242169984,0.103408342766612,0.103408342766612,0.1090549714575,0.0205795141269003,0.0706346605814672,0.1090549714575,0.103408342766612,0.127660171299217,0.171331978932731,0.0358291597718534,0.0358291597718534,0.0706346605814672,0.0358291597718534,0.0358291597718534,0.103408342766612,0.250741925135643,0.103408342766612,0.0828586723149272,0.1090549714575,0.127660171299217,0.103408342766612,0.0706346605814672,0.0358291597718534,0.0286536242169984,0.103408342766612,0.103408342766612,0.0358291597718534,0.0286536242169984,0.0317223496344892,0.0706346605814672,0.127660171299217,0.385478911588917,0.304989870000911,0.304989870000911,0.385478911588917,0.190583481341197,0.304989870000911,0.0358291597718534,0.304989870000911,0.340954334358397,0.304989870000911
"Firmicutes",3607.2592306019,346.051534988866,2462.96159251722,2038.55209251034,454.441464630318,1235.98376395915,632.163862596135,581.532539043528,735.686993904894,1247.31649934161,1153.4347969002,770.249013170539,287.402761270201,386.729996792049,2882.99847659097,2436.37464034949,560.145644100392,732.43003406672,550.158008822428,5844.04962773408,732.404306940512,629.31010721044,342.954029412302,748.064185380523,198.663450110139,367.007143340257,270.43789296019,470.529705776137,142.5488857001,275.642021679667,134.222483203413,1666.77705386116,816.432557837461,659.39173647162,37486.6977817114,35181.1750091134,19159.3597982184,38217.4454787766,19586.5294112857,22507.27064573,26945.3609114925,29882.5546461499,41734.8305999553,50037.4649361231,46932.4192292627,28364.1236877837,21920.0273839317,1753.65530444123,5273.37869829701,794.471864386269,1100.69333743797,3188.64209791177,806.788729530564,1333.54163411973,586.24544150041,415.497061070169,563.084608236175,844.633435760591,312.118234019095,811.982251338168,516.807157006156,873.268605669815,31854.2721790316,25611.5199400074,7984.72676103853,1563.20569118389,5230.8534728424,394.411930610276,65762.8835034411,70031.2241070541,50599.5004288584,94839.0301382881,89947.7754775744,89731.4126205795,51040.7928336475,67313.0130147386,78139.2707025384,82122.0316399014,102939.264340742,121505.62339976,101198.47308055,69899.859188884,120506.800730646,67241.2804924796,100666.08935027,74471.3392783469,139149.386835773,40707.5321839017,78879.5906468681,96765.7746195284,133045.129738176,142868.771646633,102404.6998445,77278.6608265504,93444.2808929731,132961.912120062,158974.323542155,91505.7572739779,84154.0962256851,91320.3846723931,179497.690747067,95909.6647988696,127368.696802186,93691.8191596837,73065.0278596197,71133.4840754781,76571.1253546318,19479.6742915445,25166.7844672851,20862.7070072962,49932.3299348591,31595.9761368242,16924.1805696971,42360.6819950264,40149.9175738562,29712.7952772154,30078.4429706149,40724.8718538584,22842.1404604487,20161.4145949591,17906.2139947593,4397.85935070206,47360.5962965713,48821.8489586631,34867.6883026238,15133.3271590068,13633.816891567,6613.3809330723,29258.0662760755,25634.0769691118,37188.2747846059,41280.8163279273,35191.2957032487,23643.6322062519,30300.6854087649,33066.6221267192,44373.5554007955,880.164587770551,2779.93341297194,1596.30760088112,535.180338784911,4229.14310920527,612.345238900428,11037.8313556886,166.038703360117,59.3429450461279,579.720492150406
"Fusobacteria",489.2255644335,102.577396101328,62.7878381819178,28.9444842293525,5.52494935000456,0.250741925135643,3.15643673476675,0.218687320174744,5.25370962567822,36.4079306129008,0.250741925135643,0.304989870000911,0.304989870000911,0.250741925135643,509.890872797048,17.2803098026212,5.52494935000456,0.0286536242169984,0.131741291216483,0.304989870000911,0.304989870000911,0.304989870000911,0.250741925135643,0.304989870000911,0.304989870000911,0.304989870000911,0.304989870000911,20.2626127273059,0.304989870000911,7.53081124122321,0.229295301849206,4.21995948000365,0.385478911588917,0.250741925135643,1127.12567058304,1633.14775563735,3779.22652032604,405.841171020958,198.915027835968,3292.89326522878,263.330094158867,1952.90825556118,1219.12830534575,1352.88203657463,1556.88705629687,1069.8284228099,1080.81428497451,0.171331978932731,25.2655804278485,0.250741925135643,0.218687320174744,0.1090549714575,4.21995948000365,62.7878381819178,4.21995948000365,0.250741925135643,0.250741925135643,0.304989870000911,0.385478911588917,0.250741925135643,0.250741925135643,0.250741925135643,2070.51173467666,1449.23111646898,309.440204809737,0.385478911588917,0.250741925135643,8.13492909000638,3001.63992908942,1705.97270625995,5831.46604931038,3666.99434715211,2284.07753213013,6415.38340531582,2003.84591359893,2234.4851712941,2187.37724622852,6765.41105487487,1301.03053649111,5021.9156470516,2120.37811921276,2114.16314425412,3993.2620228346,698.124433359698,4740.27767006763,4603.52301436507,4199.0997734611,949.61752440524,5195.79088593418,611.319473015475,2431.02381130308,3111.33495831033,1553.89506998342,5952.84717696799,15745.5213234639,4893.71940851269,91.6202363332806,5855.89148340518,743.09108910412,8998.39844360449,2192.29903317698,3340.45077567476,670.217295532161,7913.77060981673,10019.8770322216,3738.15592402879,4180.91761908546,2235.60871078792,1034.85734334131,906.295188058814,2450.75337273156,469.23930789798,5198.26011111628,159.127744324489,693.59986350711,47.6839705092771,1084.5489594409,757.009339691679,1507.16725662782,5273.44208155828,12630.8187079922,0.250741925135643,4357.46295392812,1666.60235536499,2759.43782395772,12.5319220555906,694.147255942966,215.268201437456,1423.2650946863,1073.94303730676,299.127069232518,1308.74570286397,6631.41411001918,2230.14971092667,517.956341866148,287.000723696415,100.48941541693,0.385478911588917,0.304989870000911,17.2698581800128,0.385478911588917,339.506875663582,8.13492909000638,290.067993895891,0.304989870000911,0.340954334358397,0.304989870000911
"Gemmatimonadetes",0.244227320897208,0.34516098832894,0.250741925135643,0.1090549714575,0.304989870000911,0.250741925135643,0.385478911588917,0.218687320174744,0.250741925135643,0.385478911588917,0.250741925135643,0.304989870000911,0.304989870000911,0.250741925135643,206.67128989651,0.218687320174744,0.304989870000911,158.441311753635,0.131741291216483,0.304989870000911,0.304989870000911,0.304989870000911,0.250741925135643,0.304989870000911,0.304989870000911,0.304989870000911,0.304989870000911,0.250741925135643,0.304989870000911,0.218687320174744,0.229295301849206,0.304989870000911,0.385478911588917,0.250741925135643,0.0218529624846384,0.103408342766612,0.0205795141269003,0.0706346605814672,19.7165831954371,0.1090549714575,0.0205795141269003,0.0706346605814672,0.127660171299217,0.103408342766612,0.0358291597718534,0.0286536242169984,0.0205795141269003,0.171331978932731,0.250741925135643,0.250741925135643,0.218687320174744,0.1090549714575,0.304989870000911,0.250741925135643,0.304989870000911,0.250741925135643,0.250741925135643,0.304989870000911,0.385478911588917,0.250741925135643,0.250741925135643,0.250741925135643,0.127660171299217,0.0734501232190852,0.158358973170659,0.385478911588917,0.250741925135643,0.304989870000911,0.0286536242169984,0.103408342766612,0.0286536242169984,0.0706346605814672,0.0205795141269003,0.0205795141269003,0.0286536242169984,0.0706346605814672,0.0706346605814672,0.0706346605814672,0.1090549714575,0.0286536242169984,0.0358291597718534,0.0358291597718534,0.0286536242169984,0.0706346605814672,0.00664069428187486,0.103408342766612,0.0706346605814672,0.127660171299217,0.0205795141269003,0.127660171299217,0.0305185641114734,0.0706346605814672,0.1090549714575,0.0286536242169984,0.0205795141269003,0.103408342766612,0.218687320174744,0.103408342766612,0.0706346605814672,0.103408342766612,0.127660171299217,0.0706346605814672,0.0358291597718534,0.0358291597718534,0.0270448941500057,0.0286536242169984,0.103408342766612,0.103408342766612,0.1090549714575,0.0205795141269003,0.0706346605814672,0.1090549714575,0.103408342766612,0.127660171299217,0.171331978932731,0.0358291597718534,0.0358291597718534,0.0706346605814672,0.0358291597718534,0.0358291597718534,0.103408342766612,0.250741925135643,0.103408342766612,0.0828586723149272,0.1090549714575,0.127660171299217,0.103408342766612,0.0706346605814672,0.0358291597718534,0.0286536242169984,0.103408342766612,0.103408342766612,0.0358291597718534,0.0286536242169984,0.0317223496344892,7.56507728465174,0.127660171299217,0.385478911588917,0.304989870000911,0.304989870000911,0.385478911588917,0.190583481341197,0.304989870000911,0.0358291597718534,0.304989870000911,0.340954334358397,0.304989870000911
"GN02",0.244227320897208,0.34516098832894,0.250741925135643,0.1090549714575,0.304989870000911,0.250741925135643,0.385478911588917,0.218687320174744,0.250741925135643,0.385478911588917,0.250741925135643,0.304989870000911,0.304989870000911,0.250741925135643,-0.0250174183262449,0.218687320174744,0.304989870000911,0.0286536242169984,0.131741291216483,0.304989870000911,0.304989870000911,0.304989870000911,0.250741925135643,0.304989870000911,0.304989870000911,0.304989870000911,0.304989870000911,0.250741925135643,0.304989870000911,0.218687320174744,0.229295301849206,0.304989870000911,0.385478911588917,0.250741925135643,14.3277944372696,0.103408342766612,0.0205795141269003,0.0706346605814672,0.0358291597718534,0.1090549714575,0.0205795141269003,0.0706346605814672,0.127660171299217,0.103408342766612,0.0358291597718534,13.401150739038,0.0205795141269003,0.171331978932731,0.250741925135643,0.250741925135643,0.218687320174744,0.1090549714575,0.304989870000911,0.250741925135643,0.304989870000911,0.250741925135643,0.250741925135643,0.304989870000911,0.385478911588917,0.250741925135643,0.250741925135643,0.250741925135643,0.127660171299217,0.0734501232190852,0.158358973170659,0.385478911588917,0.250741925135643,0.304989870000911,83.3495971857939,0.103408342766612,0.0286536242169984,0.0706346605814672,0.0205795141269003,0.0205795141269003,0.0286536242169984,0.0706346605814672,0.0706346605814672,0.0706346605814672,0.1090549714575,5.17192174530199,0.0358291597718534,0.0358291597718534,14.429804363255,0.0706346605814672,37.2523463827112,0.103408342766612,0.0706346605814672,0.127660171299217,37.7820215368222,0.127660171299217,0.0305185641114734,0.0706346605814672,0.1090549714575,0.0286536242169984,4.1028975706345,0.103408342766612,0.218687320174744,0.103408342766612,0.0706346605814672,0.103408342766612,0.127660171299217,0.0706346605814672,2.10748747931556,0.0358291597718534,0.0270448941500057,37.0601840960289,0.103408342766612,0.103408342766612,0.1090549714575,0.0205795141269003,0.0706346605814672,0.1090549714575,2.31022502829984,0.127660171299217,0.171331978932731,0.0358291597718534,0.0358291597718534,0.0706346605814672,0.0358291597718534,0.0358291597718534,0.103408342766612,0.250741925135643,0.103408342766612,0.0828586723149272,0.1090549714575,0.127660171299217,0.103408342766612,0.0706346605814672,0.0358291597718534,0.0286536242169984,0.103408342766612,0.103408342766612,12.4657790770341,0.0286536242169984,0.0317223496344892,0.0706346605814672,0.127660171299217,0.385478911588917,0.304989870000911,0.304989870000911,0.385478911588917,0.190583481341197,0.304989870000911,15.5732665563497,0.304989870000911,0.340954334358397,0.304989870000911
"Nitrospirae",0.244227320897208,0.34516098832894,0.250741925135643,0.1090549714575,0.304989870000911,0.250741925135643,0.385478911588917,0.218687320174744,0.250741925135643,0.385478911588917,0.250741925135643,0.304989870000911,0.304989870000911,0.250741925135643,1077.33073533117,0.218687320174744,0.304989870000911,682.026006480087,20.5030845331132,0.304989870000911,0.304989870000911,0.304989870000911,0.250741925135643,0.304989870000911,0.304989870000911,0.304989870000911,0.304989870000911,0.250741925135643,0.304989870000911,0.218687320174744,0.229295301849206,0.304989870000911,0.385478911588917,0.250741925135643,0.0218529624846384,0.103408342766612,0.0205795141269003,0.0706346605814672,55.9706037874519,0.1090549714575,0.0205795141269003,0.0706346605814672,0.127660171299217,0.103408342766612,0.0358291597718534,0.0286536242169984,0.0205795141269003,0.171331978932731,0.250741925135643,0.250741925135643,0.218687320174744,0.1090549714575,0.304989870000911,0.250741925135643,0.304989870000911,0.250741925135643,0.250741925135643,0.304989870000911,0.385478911588917,0.250741925135643,0.250741925135643,0.250741925135643,0.127660171299217,0.0734501232190852,0.158358973170659,0.385478911588917,0.250741925135643,0.304989870000911,0.0286536242169984,0.103408342766612,0.0286536242169984,0.0706346605814672,0.0205795141269003,0.0205795141269003,0.0286536242169984,0.0706346605814672,0.0706346605814672,0.0706346605814672,0.1090549714575,0.0286536242169984,0.0358291597718534,0.0358291597718534,0.0286536242169984,0.0706346605814672,0.00664069428187486,0.103408342766612,0.0706346605814672,0.127660171299217,0.0205795141269003,0.127660171299217,0.0305185641114734,0.0706346605814672,0.1090549714575,0.0286536242169984,0.0205795141269003,0.103408342766612,0.218687320174744,0.103408342766612,0.0706346605814672,0.103408342766612,0.127660171299217,0.0706346605814672,0.0358291597718534,0.0358291597718534,0.0270448941500057,0.0286536242169984,0.103408342766612,0.103408342766612,0.1090549714575,0.0205795141269003,0.0706346605814672,0.1090549714575,0.103408342766612,0.127660171299217,0.171331978932731,505.520459128436,0.0358291597718534,0.0706346605814672,0.0358291597718534,0.0358291597718534,0.103408342766612,0.250741925135643,0.103408342766612,0.0828586723149272,0.1090549714575,0.127660171299217,0.103408342766612,0.0706346605814672,0.0358291597718534,0.0286536242169984,0.103408342766612,0.103408342766612,0.0358291597718534,0.0286536242169984,0.0317223496344892,0.0706346605814672,0.127660171299217,0.385478911588917,0.304989870000911,0.304989870000911,0.385478911588917,0.190583481341197,0.304989870000911,0.0358291597718534,0.304989870000911,0.340954334358397,0.304989870000911
"Planctomycetes",0.244227320897208,0.34516098832894,0.250741925135643,0.1090549714575,0.304989870000911,0.250741925135643,0.385478911588917,0.218687320174744,0.250741925135643,0.385478911588917,0.250741925135643,0.304989870000911,0.304989870000911,0.250741925135643,1562.8720610047,0.218687320174744,0.304989870000911,1972.98630487242,28.4252735716286,0.304989870000911,0.304989870000911,0.304989870000911,0.250741925135643,0.304989870000911,0.304989870000911,0.304989870000911,0.304989870000911,0.250741925135643,0.304989870000911,0.218687320174744,0.229295301849206,0.304989870000911,0.385478911588917,0.250741925135643,0.0218529624846384,0.103408342766612,0.0205795141269003,0.0706346605814672,0.0358291597718534,0.1090549714575,0.0205795141269003,0.0706346605814672,0.127660171299217,0.103408342766612,0.0358291597718534,0.0286536242169984,0.0205795141269003,0.171331978932731,0.250741925135643,0.250741925135643,0.218687320174744,42.2531438868425,0.304989870000911,0.250741925135643,0.304989870000911,0.250741925135643,0.250741925135643,0.304989870000911,0.385478911588917,0.250741925135643,0.250741925135643,0.250741925135643,0.127660171299217,0.0734501232190852,0.158358973170659,0.385478911588917,0.250741925135643,0.304989870000911,0.0286536242169984,0.103408342766612,0.0286536242169984,0.0706346605814672,0.0205795141269003,2.0617385423807,0.0286536242169984,0.0706346605814672,0.0706346605814672,0.0706346605814672,0.1090549714575,0.0286536242169984,0.0358291597718534,0.0358291597718534,0.0286536242169984,0.0706346605814672,0.00664069428187486,0.103408342766612,0.0706346605814672,0.127660171299217,0.0205795141269003,0.127660171299217,0.0305185641114734,0.0706346605814672,0.1090549714575,0.0286536242169984,0.0205795141269003,0.103408342766612,0.218687320174744,0.103408342766612,0.0706346605814672,0.103408342766612,0.127660171299217,0.0706346605814672,0.0358291597718534,0.0358291597718534,0.0270448941500057,0.0286536242169984,0.103408342766612,0.103408342766612,0.1090549714575,0.0205795141269003,0.0706346605814672,0.1090549714575,0.103408342766612,0.127660171299217,0.171331978932731,218.595781871633,0.0358291597718534,0.0706346605814672,0.0358291597718534,0.0358291597718534,0.103408342766612,0.250741925135643,0.103408342766612,0.0828586723149272,0.1090549714575,0.127660171299217,0.103408342766612,0.0706346605814672,0.0358291597718534,0.0286536242169984,0.103408342766612,0.103408342766612,0.0358291597718534,0.0286536242169984,0.0317223496344892,0.0706346605814672,0.127660171299217,0.385478911588917,0.304989870000911,0.304989870000911,0.385478911588917,0.190583481341197,0.304989870000911,23.8598998345245,0.304989870000911,0.340954334358397,0.304989870000911
"Proteobacteria",10129.4988467451,3053.86060449502,14957.8734246223,14689.5421519261,21394.3089186649,14367.5232359583,482.532140144532,12646.5370087735,16538.8112179937,1065.81876192347,13569.5498877217,21176.3756103748,5.52494935000456,12421.3688004472,7842.73486956536,35674.8526107955,14194.6798058699,15337.2541906997,10287.6600784491,6794.08225309475,11592.5300050881,12991.4791457291,20416.1111859142,21563.9576017651,11262.3675679779,21210.3053469948,12849.235249899,10532.7484934924,13210.7174438892,11218.2354695287,10252.5521127242,19314.1550658835,8213.50446681069,13652.0988547807,10232.8574192837,5026.12840964468,31868.6364876407,14297.3258920655,12113.0220235318,2467.7563664644,17380.4897050952,24264.934582079,1720.9370815739,922.552782895654,2914.85908475777,4548.73497991178,23087.5703480929,25222.4628343374,25969.4053335165,27903.0523497762,16180.7302372803,21358.2896953,48829.1109556941,34518.2263918186,13120.6731428592,37561.2814956736,21040.2314065569,22491.8053993357,9754.15701649756,19515.5769998166,21663.1008852745,13145.5483751007,9761.15410293732,10422.2006964573,10051.239169175,9736.14579064691,18249.8261715793,40393.6564360082,20048.4877896135,25098.2295729121,56159.3732677512,32841.7888479971,37260.3580607731,52399.6345733316,59577.5892610243,33546.2664546597,31922.1136745576,67323.7193613444,18739.8109076888,18910.7968812295,1829.31012531686,9643.60530663573,34693.4294375909,18511.3439161142,64405.8849015429,29252.5619834284,15243.7669320195,50696.3459812702,76772.0939501961,18145.307476547,10161.9740792674,21827.099459935,6169.78186118953,59152.7553142227,26493.2441867343,44340.5676624191,1757.56580301216,26565.7626687917,20956.6734808822,40085.825092711,3803.72541796356,17273.690248482,2240.53430174629,10707.4018537214,10181.1230806032,12981.6373912427,11748.0920337789,14065.2495535888,4875.51470949863,17225.361618948,3028.89608944555,12420.415680324,22293.3655655994,4797.19402887817,3654.72710624905,22471.3136212504,3979.69146100323,1655.27181991953,9703.68339790249,9566.95394881261,8766.6826916235,28134.4396059263,2808.27764068379,10331.637451229,4640.39505554964,23916.6722332564,21887.3112954613,1130.66083623461,1807.55771296166,3450.13290924803,2009.41000052077,2148.43945170936,4246.93538422437,36672.5590105844,10150.1161980537,12916.2071799154,7991.85529416885,1430.19971567135,16217.4141043713,26302.3758197384,9543.56422193605,10242.7802734597,8495.78904357593,15031.9885957689,28724.4370184601,10231.8225254889,14879.7994876204
"SBR1093",0.244227320897208,0.34516098832894,0.250741925135643,0.1090549714575,0.304989870000911,0.250741925135643,0.385478911588917,0.218687320174744,0.250741925135643,0.385478911588917,0.250741925135643,0.304989870000911,0.304989870000911,0.250741925135643,68.2237632988366,0.218687320174744,0.304989870000911,0.0286536242169984,0.131741291216483,0.304989870000911,0.304989870000911,0.304989870000911,0.250741925135643,0.304989870000911,0.304989870000911,0.304989870000911,0.304989870000911,0.250741925135643,0.304989870000911,0.218687320174744,0.229295301849206,0.304989870000911,0.385478911588917,0.250741925135643,0.0218529624846384,0.103408342766612,0.0205795141269003,0.0706346605814672,0.0358291597718534,0.1090549714575,0.0205795141269003,0.0706346605814672,0.127660171299217,0.103408342766612,0.0358291597718534,0.0286536242169984,0.0205795141269003,0.171331978932731,0.250741925135643,0.250741925135643,0.218687320174744,0.1090549714575,0.304989870000911,0.250741925135643,0.304989870000911,0.250741925135643,0.250741925135643,0.304989870000911,0.385478911588917,0.250741925135643,0.250741925135643,0.250741925135643,0.127660171299217,0.0734501232190852,0.158358973170659,0.385478911588917,0.250741925135643,0.304989870000911,0.0286536242169984,0.103408342766612,0.0286536242169984,0.0706346605814672,0.0205795141269003,0.0205795141269003,0.0286536242169984,0.0706346605814672,0.0706346605814672,0.0706346605814672,0.1090549714575,0.0286536242169984,0.0358291597718534,0.0358291597718534,0.0286536242169984,0.0706346605814672,0.00664069428187486,0.103408342766612,0.0706346605814672,0.127660171299217,0.0205795141269003,0.127660171299217,0.0305185641114734,0.0706346605814672,0.1090549714575,0.0286536242169984,0.0205795141269003,0.103408342766612,0.218687320174744,0.103408342766612,0.0706346605814672,0.103408342766612,0.127660171299217,0.0706346605814672,0.0358291597718534,0.0358291597718534,0.0270448941500057,0.0286536242169984,0.103408342766612,0.103408342766612,0.1090549714575,0.0205795141269003,0.0706346605814672,0.1090549714575,0.103408342766612,0.127660171299217,0.171331978932731,0.0358291597718534,0.0358291597718534,0.0706346605814672,0.0358291597718534,0.0358291597718534,0.103408342766612,0.250741925135643,0.103408342766612,0.0828586723149272,0.1090549714575,0.127660171299217,0.103408342766612,0.0706346605814672,0.0358291597718534,0.0286536242169984,0.103408342766612,0.103408342766612,0.0358291597718534,0.0286536242169984,0.0317223496344892,0.0706346605814672,0.127660171299217,0.385478911588917,0.304989870000911,0.304989870000911,0.385478911588917,0.190583481341197,0.304989870000911,0.0358291597718534,0.304989870000911,0.340954334358397,0.304989870000911
"Spirochaetes",0.244227320897208,0.34516098832894,0.250741925135643,0.1090549714575,0.304989870000911,0.250741925135643,0.385478911588917,0.218687320174744,0.250741925135643,0.385478911588917,0.250741925135643,0.304989870000911,0.304989870000911,0.250741925135643,102.348153657418,0.218687320174744,0.304989870000911,0.0286536242169984,0.131741291216483,0.304989870000911,0.304989870000911,0.304989870000911,0.250741925135643,0.304989870000911,0.304989870000911,0.304989870000911,0.304989870000911,4.00296770054257,0.304989870000911,0.218687320174744,0.229295301849206,0.304989870000911,0.385478911588917,0.250741925135643,62.3548836740476,5.62045005659967,84.7286791866596,0.0706346605814672,1048.29493884889,2.3271649143725,42.8849191074567,24.6952318539552,0.127660171299217,236.232793694822,111.905378415132,131.696317523993,196.992425740619,0.171331978932731,0.250741925135643,0.250741925135643,29.4671830043686,0.1090549714575,0.304989870000911,0.250741925135643,0.304989870000911,0.250741925135643,0.250741925135643,0.304989870000911,0.385478911588917,0.250741925135643,0.250741925135643,0.250741925135643,38.4681059954726,65.5539076395833,0.158358973170659,0.385478911588917,0.250741925135643,0.304989870000911,156.384004505201,4.51704171383306,269.535903169071,40.7547517626772,1109.39051137007,138.819393435385,241.762255315212,3.28253864232587,0.0706346605814672,39.6841171020958,0.1090549714575,72.0344073194069,207.201661114143,65.2930662253986,121.409781281823,155.312660444894,156.035948307972,25.4818002263987,33.2603091386069,0.127660171299217,34.7202829944415,0.127660171299217,447.275575388491,56.8142716713992,42.2531438868425,124.495742154474,161.272142746177,17.7579418270324,0.218687320174744,11.1374917704327,51.4610983684919,80.6522173647293,22.6808635972836,9.70634660581467,185.449248758934,1648.04002235679,2962.02451962277,24.716340605425,0.103408342766612,0.103408342766612,0.1090549714575,0.0205795141269003,387.640381791073,0.1090549714575,0.103408342766612,17.0425627407875,0.171331978932731,0.0358291597718534,783.122673947293,22.5539625327923,155.41020312555,159.553519764637,0.103408342766612,0.250741925135643,860.761915700724,78.0486830789897,0.1090549714575,0.127660171299217,0.103408342766612,199.208681528734,252.778144144104,264.392635047986,77.3419923364295,2.31022502829984,11.4299499172622,136.839585645078,11.3806681956139,0.0706346605814672,0.127660171299217,0.385478911588917,0.304989870000911,0.304989870000911,0.385478911588917,0.190583481341197,0.304989870000911,58.0422621069956,0.304989870000911,0.340954334358397,0.304989870000911
"SR1",0.244227320897208,0.34516098832894,0.250741925135643,0.1090549714575,0.304989870000911,0.250741925135643,0.385478911588917,0.218687320174744,0.250741925135643,0.385478911588917,0.250741925135643,0.304989870000911,0.304989870000911,0.250741925135643,17.5246690518013,0.218687320174744,0.304989870000911,0.0286536242169984,0.131741291216483,0.304989870000911,0.304989870000911,0.304989870000911,0.250741925135643,0.304989870000911,0.304989870000911,0.304989870000911,0.304989870000911,0.250741925135643,0.304989870000911,0.218687320174744,0.229295301849206,0.304989870000911,0.385478911588917,0.250741925135643,311.687006520299,0.103408342766612,908.336347087068,3.28253864232587,0.0358291597718534,17.8539345147775,187.807210113477,0.0706346605814672,0.127660171299217,0.103408342766612,5.21497495863112,301.424165519797,0.0205795141269003,0.171331978932731,0.250741925135643,0.250741925135643,0.218687320174744,0.1090549714575,0.304989870000911,0.250741925135643,0.304989870000911,0.250741925135643,0.250741925135643,0.304989870000911,0.385478911588917,0.250741925135643,0.250741925135643,0.250741925135643,0.127660171299217,0.0734501232190852,0.158358973170659,0.385478911588917,0.250741925135643,0.304989870000911,22.659033356991,0.103408342766612,308.624740889317,17.2007892298849,9.205795141269,42.8849191074567,10.315189866387,179.937257638268,231.327721346178,0.0706346605814672,0.1090549714575,5.17192174530199,3.14331663908741,98.4395993380979,64.8338319498879,0.0706346605814672,63.42500443404,0.103408342766612,0.0706346605814672,0.127660171299217,144.942870520147,0.127660171299217,7.24414851289179,0.0706346605814672,0.1090549714575,0.0286536242169984,1339.02090204862,0.103408342766612,0.218687320174744,0.103408342766612,0.0706346605814672,0.103408342766612,0.127660171299217,0.0706346605814672,23.8598998345245,0.0358291597718534,22.6220325654501,41.1747985928969,25.4818002263987,0.103408342766612,0.1090549714575,9.205795141269,0.0706346605814672,0.1090549714575,228.508935295455,0.127660171299217,0.171331978932731,0.0358291597718534,0.0358291597718534,0.0706346605814672,0.0358291597718534,706.471316124176,0.103408342766612,0.250741925135643,0.103408342766612,0.0828586723149272,0.1090549714575,0.127660171299217,0.103408342766612,27.9071358356996,0.0358291597718534,12.372497114821,0.103408342766612,7.8272667421329,247.598998345245,353.885500354864,42.3323386846485,0.0706346605814672,0.127660171299217,0.385478911588917,0.304989870000911,0.304989870000911,0.385478911588917,13.2870017760944,0.304989870000911,0.0358291597718534,0.304989870000911,0.340954334358397,0.304989870000911
"Synergistetes",0.244227320897208,0.34516098832894,0.250741925135643,0.1090549714575,0.304989870000911,0.250741925135643,0.385478911588917,0.218687320174744,0.250741925135643,0.385478911588917,0.250741925135643,0.304989870000911,0.304989870000911,0.250741925135643,-0.0250174183262449,0.218687320174744,0.304989870000911,0.0286536242169984,0.131741291216483,0.304989870000911,0.304989870000911,0.304989870000911,0.250741925135643,0.304989870000911,0.304989870000911,0.304989870000911,0.304989870000911,0.250741925135643,0.304989870000911,0.218687320174744,0.229295301849206,0.304989870000911,0.385478911588917,0.250741925135643,7.17482369987711,58.5840505093971,7.1646361130152,0.0706346605814672,0.0358291597718534,0.1090549714575,0.0205795141269003,7.56507728465174,0.127660171299217,46.4465587389643,108.797890935816,53.5186420835009,252.103719503471,0.171331978932731,0.250741925135643,0.250741925135643,0.218687320174744,0.1090549714575,0.304989870000911,0.250741925135643,0.304989870000911,0.250741925135643,0.250741925135643,0.304989870000911,0.385478911588917,0.250741925135643,0.250741925135643,0.250741925135643,0.127660171299217,0.0734501232190852,0.158358973170659,0.385478911588917,0.250741925135643,0.304989870000911,232.504372697259,5.62045005659967,110.094591415436,0.0706346605814672,466.42541747012,55.1318732769795,195.472842225447,0.0706346605814672,0.0706346605814672,7.56507728465174,0.1090549714575,86.4355580584449,142.980253208288,125.371157492166,15.458457987472,47.178559726166,328.171507030173,232.922568666522,24.6952318539552,0.127660171299217,110.243167039832,0.127660171299217,778.072034468274,16.1301545693035,321.734996694133,9.28653624216998,9.205795141269,0.103408342766612,0.218687320174744,27.6886169119319,70.7325222589583,17.7579418270324,0.127660171299217,5.4238079634888,20.7524123552089,659.859003934443,621.389205854903,21.630379732774,0.103408342766612,0.103408342766612,0.1090549714575,214.342277480776,34.3309437991884,0.1090549714575,0.103408342766612,0.127660171299217,0.171331978932731,0.0358291597718534,60.1139204265394,301.989608944555,0.0358291597718534,242.419852546386,0.103408342766612,0.250741925135643,229.612343638222,228.566038530765,7.87243977166,0.127660171299217,0.103408342766612,133.899967233265,406.080859790338,61.7478710772369,26.5852085691653,0.103408342766612,11.4299499172622,109.065937791219,114.552903159063,7.56507728465174,0.127660171299217,0.385478911588917,0.304989870000911,0.304989870000911,0.385478911588917,0.190583481341197,0.304989870000911,73.5796995035735,0.304989870000911,0.340954334358397,0.304989870000911
"Tenericutes",0.244227320897208,0.34516098832894,0.250741925135643,0.1090549714575,0.304989870000911,0.250741925135643,0.385478911588917,0.218687320174744,0.250741925135643,0.385478911588917,0.250741925135643,0.304989870000911,0.304989870000911,0.250741925135643,-0.0250174183262449,0.218687320174744,0.304989870000911,0.0286536242169984,0.131741291216483,0.304989870000911,0.304989870000911,0.304989870000911,0.250741925135643,0.304989870000911,0.304989870000911,0.304989870000911,0.304989870000911,0.250741925135643,0.304989870000911,0.218687320174744,0.229295301849206,0.304989870000911,0.385478911588917,0.250741925135643,0.0218529624846384,168.924884786058,22.4733288249187,0.0706346605814672,0.0358291597718534,0.1090549714575,13.2881131977766,0.0706346605814672,0.127660171299217,0.103408342766612,0.0358291597718534,53.5186420835009,0.0205795141269003,0.171331978932731,0.250741925135643,0.250741925135643,0.218687320174744,0.1090549714575,0.304989870000911,0.250741925135643,0.304989870000911,0.250741925135643,0.250741925135643,0.304989870000911,0.385478911588917,0.250741925135643,0.250741925135643,0.250741925135643,0.127660171299217,0.0734501232190852,0.158358973170659,0.385478911588917,0.250741925135643,0.304989870000911,0.0286536242169984,0.103408342766612,0.0286536242169984,0.0706346605814672,36.7614420226953,12.2675336836497,20.601726108557,15.059519908722,31.119039817444,0.0706346605814672,0.1090549714575,0.0286536242169984,28.0032164736119,33.1823622724712,0.0286536242169984,0.0706346605814672,36.2457056884294,0.103408342766612,0.0706346605814672,0.127660171299217,0.0205795141269003,0.127660171299217,104.11289353937,0.0706346605814672,0.1090549714575,36.0315304718119,16.3498517401573,0.103408342766612,0.218687320174744,0.103408342766612,20.4126932116293,0.103408342766612,0.127660171299217,0.0706346605814672,0.0358291597718534,61.1497495863112,58.5686038607003,0.0286536242169984,0.103408342766612,333.332727858283,8.9814947431175,0.0205795141269003,19.3420585510479,0.1090549714575,0.103408342766612,0.127660171299217,0.171331978932731,0.0358291597718534,3.14331663908741,0.0706346605814672,8.32246243794668,3.14331663908741,0.103408342766612,0.250741925135643,43.1363337106645,26.0714668078732,0.1090549714575,0.127660171299217,0.103408342766612,4.35317330290734,28.0032164736119,12.372497114821,13.344308455966,0.103408342766612,0.0358291597718534,11.343843490604,0.0317223496344892,0.0706346605814672,0.127660171299217,0.385478911588917,0.304989870000911,0.304989870000911,0.385478911588917,0.190583481341197,0.304989870000911,0.0358291597718534,0.304989870000911,0.340954334358397,0.304989870000911
"TM7",48.7690928358883,0.34516098832894,0.250741925135643,6.7633848002025,0.304989870000911,0.250741925135643,0.385478911588917,0.218687320174744,0.250741925135643,0.385478911588917,0.250741925135643,0.304989870000911,0.304989870000911,0.250741925135643,5.82487807171629,0.218687320174744,0.304989870000911,0.0286536242169984,0.131741291216483,0.304989870000911,0.304989870000911,0.304989870000911,0.250741925135643,0.304989870000911,0.304989870000911,0.304989870000911,0.304989870000911,0.250741925135643,0.304989870000911,0.218687320174744,0.229295301849206,0.304989870000911,0.385478911588917,0.250741925135643,68.4860014489554,43.1363337106645,17.3704312542842,42.8960210838402,3.14331663908741,139.849981375103,5.1234770847614,6.49444262407027,74.5532314770475,77.3419923364295,55.9706037874519,29.85960872651,56.1524527911064,0.171331978932731,0.250741925135643,0.250741925135643,0.218687320174744,0.1090549714575,0.304989870000911,0.250741925135643,0.304989870000911,0.250741925135643,0.250741925135643,0.304989870000911,0.385478911588917,0.250741925135643,0.250741925135643,0.250741925135643,0.127660171299217,5.44070073931451,14.0586666512186,0.385478911588917,0.250741925135643,0.304989870000911,112.15189866387,25.4818002263987,16.487111611689,45.0372904050031,14.3086927119035,12.2675336836497,12.372497114821,65.379348956051,61.0968103137251,9.70634660581467,220.8109942915,118.323820409172,49.7556288288208,74.6155286633453,30.8882623507269,10.7769812663961,53.3585974912212,2.31022502829984,158.524564426639,0.127660171299217,6.1440565988883,0.127660171299217,18.579852718118,301.989608944555,0.1090549714575,129.639010275559,39.823180565076,65.2045005659967,0.218687320174744,3.41363337106645,0.0706346605814672,3.41363337106645,0.127660171299217,8.63571194523321,0.0358291597718534,14.5374373965778,95.5422200501005,38.0888377202459,49.7567837672642,55.2738254810972,0.1090549714575,0.0205795141269003,82.5095035253544,24.5082643435225,0.103408342766612,0.127660171299217,0.171331978932731,0.0358291597718534,68.4005537047142,0.0706346605814672,102.582915977185,15.5732665563497,24.3783918836321,0.250741925135643,0.103408342766612,0.0828586723149272,54.452748572875,0.127660171299217,0.103408342766612,0.0706346605814672,33.1823622724712,54.5472957077179,0.103408342766612,91.6863007923954,43.5406538701897,15.458457987472,35.1102822372071,7.56507728465174,8.02128137039374,0.385478911588917,0.304989870000911,0.304989870000911,0.385478911588917,0.190583481341197,0.304989870000911,5.21497495863112,0.304989870000911,0.340954334358397,0.304989870000911
"Verrucomicrobia",0.244227320897208,0.34516098832894,0.250741925135643,0.1090549714575,0.304989870000911,0.250741925135643,0.385478911588917,0.218687320174744,0.250741925135643,0.385478911588917,0.250741925135643,0.304989870000911,0.304989870000911,0.250741925135643,28.2494774502127,0.218687320174744,0.304989870000911,0.0286536242169984,0.131741291216483,0.304989870000911,0.304989870000911,0.304989870000911,0.250741925135643,0.304989870000911,0.304989870000911,0.304989870000911,0.304989870000911,0.250741925135643,0.304989870000911,0.218687320174744,0.229295301849206,0.304989870000911,0.385478911588917,0.250741925135643,0.0218529624846384,0.103408342766612,0.0205795141269003,3.28253864232587,0.0358291597718534,0.1090549714575,0.0205795141269003,0.0706346605814672,0.127660171299217,0.103408342766612,0.0358291597718534,0.0286536242169984,0.0205795141269003,0.171331978932731,0.250741925135643,0.250741925135643,0.218687320174744,20.0720444576925,0.304989870000911,0.250741925135643,0.304989870000911,0.250741925135643,0.250741925135643,0.304989870000911,0.385478911588917,0.250741925135643,0.250741925135643,0.250741925135643,0.127660171299217,0.0734501232190852,0.158358973170659,0.385478911588917,0.250741925135643,0.304989870000911,0.0286536242169984,0.103408342766612,0.0286536242169984,0.0706346605814672,0.0205795141269003,0.0205795141269003,0.0286536242169984,0.0706346605814672,0.0706346605814672,0.0706346605814672,0.1090549714575,0.0286536242169984,0.0358291597718534,0.0358291597718534,0.0286536242169984,0.0706346605814672,0.00664069428187486,0.103408342766612,0.0706346605814672,0.127660171299217,0.0205795141269003,0.127660171299217,0.0305185641114734,0.0706346605814672,0.1090549714575,0.0286536242169984,0.0205795141269003,0.103408342766612,0.218687320174744,0.103408342766612,0.0706346605814672,0.103408342766612,0.127660171299217,0.0706346605814672,0.0358291597718534,0.0358291597718534,0.0270448941500057,0.0286536242169984,0.103408342766612,0.103408342766612,0.1090549714575,0.0205795141269003,0.0706346605814672,0.1090549714575,0.103408342766612,0.127660171299217,0.171331978932731,0.0358291597718534,0.0358291597718534,6.49444262407027,0.0358291597718534,0.0358291597718534,0.103408342766612,0.250741925135643,0.103408342766612,0.0828586723149272,0.1090549714575,0.127660171299217,27.6886169119319,2.2119039817444,8.32246243794668,0.0286536242169984,0.103408342766612,0.103408342766612,0.0358291597718534,0.0286536242169984,0.0317223496344892,0.0706346605814672,0.127660171299217,0.385478911588917,0.304989870000911,0.304989870000911,0.385478911588917,0.190583481341197,47.2846251900337,0.0358291597718534,0.304989870000911,0.340954334358397,0.304989870000911
"WPS-2",0.244227320897208,0.34516098832894,0.250741925135643,0.1090549714575,0.304989870000911,0.250741925135643,0.385478911588917,0.218687320174744,0.250741925135643,0.385478911588917,0.250741925135643,0.304989870000911,0.304989870000911,0.250741925135643,-0.0250174183262449,0.218687320174744,0.304989870000911,83.3495971857939,0.131741291216483,0.304989870000911,0.304989870000911,0.304989870000911,0.250741925135643,6.82993922000547,0.304989870000911,0.304989870000911,0.304989870000911,0.250741925135643,0.304989870000911,0.218687320174744,0.229295301849206,0.304989870000911,0.385478911588917,0.250741925135643,0.0218529624846384,0.103408342766612,0.0205795141269003,0.0706346605814672,0.0358291597718534,0.1090549714575,0.0205795141269003,0.0706346605814672,0.127660171299217,0.103408342766612,0.0358291597718534,0.0286536242169984,18.3910107684111,0.171331978932731,0.250741925135643,0.250741925135643,0.218687320174744,0.1090549714575,0.304989870000911,0.250741925135643,0.304989870000911,0.250741925135643,0.250741925135643,0.304989870000911,0.385478911588917,0.250741925135643,0.250741925135643,0.250741925135643,0.127660171299217,0.0734501232190852,0.158358973170659,0.385478911588917,0.250741925135643,0.304989870000911,0.0286536242169984,0.103408342766612,0.0286536242169984,0.0706346605814672,0.0205795141269003,0.0205795141269003,0.0286536242169984,0.0706346605814672,0.0706346605814672,0.0706346605814672,0.1090549714575,0.0286536242169984,0.0358291597718534,0.0358291597718534,0.0286536242169984,0.0706346605814672,0.00664069428187486,0.103408342766612,0.0706346605814672,0.127660171299217,0.0205795141269003,0.127660171299217,0.0305185641114734,0.0706346605814672,0.1090549714575,0.0286536242169984,0.0205795141269003,0.103408342766612,0.218687320174744,0.103408342766612,0.0706346605814672,0.103408342766612,0.127660171299217,0.0706346605814672,0.0358291597718534,0.0358291597718534,0.0270448941500057,0.0286536242169984,0.103408342766612,0.103408342766612,0.1090549714575,0.0205795141269003,0.0706346605814672,2.3271649143725,0.103408342766612,0.127660171299217,0.171331978932731,0.0358291597718534,0.0358291597718534,0.0706346605814672,0.0358291597718534,0.0358291597718534,0.103408342766612,0.250741925135643,0.103408342766612,0.0828586723149272,0.1090549714575,0.127660171299217,0.103408342766612,0.0706346605814672,0.0358291597718534,0.0286536242169984,0.103408342766612,0.103408342766612,0.0358291597718534,0.0286536242169984,0.0317223496344892,0.0706346605814672,0.127660171299217,0.385478911588917,0.304989870000911,0.304989870000911,57.1901142867345,0.190583481341197,0.304989870000911,0.0358291597718534,0.304989870000911,0.340954334358397,0.304989870000911
